2,1,QAHVVK2KRfQeV0ON8xBp3lDSAg8=,kkcqO8HMnmVqwHb05+4GwoO6wK8=
2,2,QAHVVK2KRfQeV0ON8xBp3lDSAg8=,yY1bOeEVFlDrPgWN135ipUBnZJ0=
1,2,QAHVVK2KRfQeV0ON8xBp3lDSAg8=,kkcqO8HMnmVqwHb05+4GwoO6wK8=
1,1,QAHVVK2KRfQeV0ON8xBp3lDSAg8=,kkcqO8HMnmVqwHb05+4GwoO6wK8=
2,4,AheYc/diPncjUW5ncFIHGJfgzj0=,ainfbT8qjlhXu7Fmtejxso5Brs8=
2,3,AheYc/diPncjUW5ncFIHGJfgzj0=,yY1bOeEVFlDrPgWN135ipUBnZJ0=
1,4,AheYc/diPncjUW5ncFIHGJfgzj0=,ubsrSP3tqKm39ZAvCiWFOa1TS8M=
1,3,AheYc/diPncjUW5ncFIHGJfgzj0=,kkcqO8HMnmVqwHb05+4GwoO6wK8=
2,5,AheYc/diPncjUW5ncFIHGJfgzj0=,ainfbT8qjlhXu7Fmtejxso5Brs8=
2,6,AheYc/diPncjUW5ncFIHGJfgzj0=,Ks4Cmd0RvCvzyY/cjjmGTl254ik=
1,6,AheYc/diPncjUW5ncFIHGJfgzj0=,zYbGrPsnv6Aba44/wlcrYahQR/A=
1,5,AheYc/diPncjUW5ncFIHGJfgzj0=,ubsrSP3tqKm39ZAvCiWFOa1TS8M=
2,8,AheYc/diPncjUW5ncFIHGJfgzj0=,Ay6k5qrBhRBKjTN8Jd8DWQZ9JTk=
2,7,AheYc/diPncjUW5ncFIHGJfgzj0=,Ks4Cmd0RvCvzyY/cjjmGTl254ik=
1,8,AheYc/diPncjUW5ncFIHGJfgzj0=,wNk3FNFzGImhLPRjk4ZxiqjnQpc=
1,7,AheYc/diPncjUW5ncFIHGJfgzj0=,zYbGrPsnv6Aba44/wlcrYahQR/A=
2,9,AheYc/diPncjUW5ncFIHGJfgzj0=,Ay6k5qrBhRBKjTN8Jd8DWQZ9JTk=
2,10,AheYc/diPncjUW5ncFIHGJfgzj0=,+CIvxLFIF8zirRPZkP/i6PfdvAs=
1,10,AheYc/diPncjUW5ncFIHGJfgzj0=,xkPFjsKGZWOBi9uI77+jo+7gI/s=
1,9,AheYc/diPncjUW5ncFIHGJfgzj0=,wNk3FNFzGImhLPRjk4ZxiqjnQpc=
2,12,LGXGCO385LssWdAM4duHMuM7WD0=,TF3fAk/BGGuQj8M5CIN5a7A8fCg=
2,11,LGXGCO385LssWdAM4duHMuM7WD0=,+CIvxLFIF8zirRPZkP/i6PfdvAs=
1,12,LGXGCO385LssWdAM4duHMuM7WD0=,V4/3CVfMCzBVfuWDWAhQkO0N4RI=
1,11,LGXGCO385LssWdAM4duHMuM7WD0=,xkPFjsKGZWOBi9uI77+jo+7gI/s=
2,13,LGXGCO385LssWdAM4duHMuM7WD0=,TF3fAk/BGGuQj8M5CIN5a7A8fCg=
2,14,LGXGCO385LssWdAM4duHMuM7WD0=,I86sL1ScXs8IO6TVSmnMGSE6svA=
1,14,LGXGCO385LssWdAM4duHMuM7WD0=,rre0JphV2dVGIwJkI01rPO2A2kM=
1,13,LGXGCO385LssWdAM4duHMuM7WD0=,V4/3CVfMCzBVfuWDWAhQkO0N4RI=
4,11,LGXGCO385LssWdAM4duHMuM7WD0=,OI9ayMBOz9TCbiI7ezKhWf6kcwA=
4,14,LGXGCO385LssWdAM4duHMuM7WD0=,dXe/kSyZ9U7uPq6lMKSr62EO05I=
4,12,LGXGCO385LssWdAM4duHMuM7WD0=,yn4Z8EQXlGDryqFiGIPUP5C36xU=
4,13,LGXGCO385LssWdAM4duHMuM7WD0=,yn4Z8EQXlGDryqFiGIPUP5C36xU=
3,14,LGXGCO385LssWdAM4duHMuM7WD0=,I86sL1ScXs8IO6TVSmnMGSE6svA=
3,11,LGXGCO385LssWdAM4duHMuM7WD0=,+CIvxLFIF8zirRPZkP/i6PfdvAs=
3,13,LGXGCO385LssWdAM4duHMuM7WD0=,TF3fAk/BGGuQj8M5CIN5a7A8fCg=
3,12,LGXGCO385LssWdAM4duHMuM7WD0=,TF3fAk/BGGuQj8M5CIN5a7A8fCg=
4,10,ljSHsM6b/OW7UGKYwgf4bVkErqI=,OI9ayMBOz9TCbiI7ezKhWf6kcwA=
4,9,ljSHsM6b/OW7UGKYwgf4bVkErqI=,SsfwOmCCzyYT7AJ8sETpFzdid8k=
3,9,ljSHsM6b/OW7UGKYwgf4bVkErqI=,Ay6k5qrBhRBKjTN8Jd8DWQZ9JTk=
3,10,ljSHsM6b/OW7UGKYwgf4bVkErqI=,+CIvxLFIF8zirRPZkP/i6PfdvAs=
4,8,ljSHsM6b/OW7UGKYwgf4bVkErqI=,SsfwOmCCzyYT7AJ8sETpFzdid8k=
4,7,ljSHsM6b/OW7UGKYwgf4bVkErqI=,DUVSUkEtL9IDE7XwtCFRm97R99A=
3,8,ljSHsM6b/OW7UGKYwgf4bVkErqI=,Ay6k5qrBhRBKjTN8Jd8DWQZ9JTk=
3,7,ljSHsM6b/OW7UGKYwgf4bVkErqI=,Ks4Cmd0RvCvzyY/cjjmGTl254ik=
4,3,ljSHsM6b/OW7UGKYwgf4bVkErqI=,gCK78z4+B4fZfO5//LXUjqGfQ6I=
4,6,ljSHsM6b/OW7UGKYwgf4bVkErqI=,DUVSUkEtL9IDE7XwtCFRm97R99A=
4,5,ljSHsM6b/OW7UGKYwgf4bVkErqI=,X/aSZe0u5MzhqUO++RO+LuRjqHk=
4,4,ljSHsM6b/OW7UGKYwgf4bVkErqI=,X/aSZe0u5MzhqUO++RO+LuRjqHk=
3,5,ljSHsM6b/OW7UGKYwgf4bVkErqI=,ainfbT8qjlhXu7Fmtejxso5Brs8=
3,4,ljSHsM6b/OW7UGKYwgf4bVkErqI=,ainfbT8qjlhXu7Fmtejxso5Brs8=
3,6,ljSHsM6b/OW7UGKYwgf4bVkErqI=,Ks4Cmd0RvCvzyY/cjjmGTl254ik=
3,3,ljSHsM6b/OW7UGKYwgf4bVkErqI=,yY1bOeEVFlDrPgWN135ipUBnZJ0=
4,2,ljSHsM6b/OW7UGKYwgf4bVkErqI=,gCK78z4+B4fZfO5//LXUjqGfQ6I=
4,1,ljSHsM6b/OW7UGKYwgf4bVkErqI=,7/iBd/GgllIGjkUo3mJA0WARw98=
3,1,ljSHsM6b/OW7UGKYwgf4bVkErqI=,kkcqO8HMnmVqwHb05+4GwoO6wK8=
3,2,ljSHsM6b/OW7UGKYwgf4bVkErqI=,yY1bOeEVFlDrPgWN135ipUBnZJ0=
6,3,ljSHsM6b/OW7UGKYwgf4bVkErqI=,v9SMGSTYsbduoYdTbqTa8lqbJB8=
6,4,ljSHsM6b/OW7UGKYwgf4bVkErqI=,LXIvJeJhfQ0aQn5LFY9UtJQ62C4=
5,3,ljSHsM6b/OW7UGKYwgf4bVkErqI=,gCK78z4+B4fZfO5//LXUjqGfQ6I=
5,4,ljSHsM6b/OW7UGKYwgf4bVkErqI=,X/aSZe0u5MzhqUO++RO+LuRjqHk=
6,1,ljSHsM6b/OW7UGKYwgf4bVkErqI=,gCK78z4+B4fZfO5//LXUjqGfQ6I=
6,2,ljSHsM6b/OW7UGKYwgf4bVkErqI=,v9SMGSTYsbduoYdTbqTa8lqbJB8=
5,2,ljSHsM6b/OW7UGKYwgf4bVkErqI=,gCK78z4+B4fZfO5//LXUjqGfQ6I=
5,1,ljSHsM6b/OW7UGKYwgf4bVkErqI=,7/iBd/GgllIGjkUo3mJA0WARw98=
6,5,IbyP3bS85kCcf4K/ePtgQGPx14g=,LXIvJeJhfQ0aQn5LFY9UtJQ62C4=
6,6,IbyP3bS85kCcf4K/ePtgQGPx14g=,Dfqig1ra/TNCFBDcaGiTQ5J+Lsc=
5,6,IbyP3bS85kCcf4K/ePtgQGPx14g=,DUVSUkEtL9IDE7XwtCFRm97R99A=
5,5,IbyP3bS85kCcf4K/ePtgQGPx14g=,X/aSZe0u5MzhqUO++RO+LuRjqHk=
6,8,IbyP3bS85kCcf4K/ePtgQGPx14g=,gi3jn33NbOUaitVGsBYIvp4dCBI=
6,7,IbyP3bS85kCcf4K/ePtgQGPx14g=,Dfqig1ra/TNCFBDcaGiTQ5J+Lsc=
5,8,IbyP3bS85kCcf4K/ePtgQGPx14g=,SsfwOmCCzyYT7AJ8sETpFzdid8k=
5,7,IbyP3bS85kCcf4K/ePtgQGPx14g=,DUVSUkEtL9IDE7XwtCFRm97R99A=
6,9,IbyP3bS85kCcf4K/ePtgQGPx14g=,gi3jn33NbOUaitVGsBYIvp4dCBI=
6,10,IbyP3bS85kCcf4K/ePtgQGPx14g=,kjpvX/TOzA+BTPuxpS9GBCnBWgk=
5,10,IbyP3bS85kCcf4K/ePtgQGPx14g=,OI9ayMBOz9TCbiI7ezKhWf6kcwA=
5,9,IbyP3bS85kCcf4K/ePtgQGPx14g=,SsfwOmCCzyYT7AJ8sETpFzdid8k=
6,11,IbyP3bS85kCcf4K/ePtgQGPx14g=,kjpvX/TOzA+BTPuxpS9GBCnBWgk=
6,12,IbyP3bS85kCcf4K/ePtgQGPx14g=,yn4Z8EQXlGDryqFiGIPUP5C36xU=
5,11,IbyP3bS85kCcf4K/ePtgQGPx14g=,OI9ayMBOz9TCbiI7ezKhWf6kcwA=
5,12,IbyP3bS85kCcf4K/ePtgQGPx14g=,yn4Z8EQXlGDryqFiGIPUP5C36xU=
6,13,IbyP3bS85kCcf4K/ePtgQGPx14g=,yn4Z8EQXlGDryqFiGIPUP5C36xU=
6,14,IbyP3bS85kCcf4K/ePtgQGPx14g=,KtGH62QZYILUctURdqrzHcA/J7Q=
5,14,IbyP3bS85kCcf4K/ePtgQGPx14g=,dXe/kSyZ9U7uPq6lMKSr62EO05I=
5,13,IbyP3bS85kCcf4K/ePtgQGPx14g=,yn4Z8EQXlGDryqFiGIPUP5C36xU=
8,10,IbyP3bS85kCcf4K/ePtgQGPx14g=,sWhkRZxX+k62wb/uS+6GtN8ynoY=
8,9,IbyP3bS85kCcf4K/ePtgQGPx14g=,/+ifJAhqdLPYzFrMo8EuONZTf4c=
7,9,IbyP3bS85kCcf4K/ePtgQGPx14g=,gi3jn33NbOUaitVGsBYIvp4dCBI=
7,10,IbyP3bS85kCcf4K/ePtgQGPx14g=,kjpvX/TOzA+BTPuxpS9GBCnBWgk=
8,12,HCRniefRfsw5dIhZmEN+DzOys9A=,fYEFW9zjg4xWJglG4YREw2psDfc=
8,11,HCRniefRfsw5dIhZmEN+DzOys9A=,sWhkRZxX+k62wb/uS+6GtN8ynoY=
7,11,HCRniefRfsw5dIhZmEN+DzOys9A=,kjpvX/TOzA+BTPuxpS9GBCnBWgk=
7,12,HCRniefRfsw5dIhZmEN+DzOys9A=,yn4Z8EQXlGDryqFiGIPUP5C36xU=
8,14,HCRniefRfsw5dIhZmEN+DzOys9A=,Dio5+mV6axq88hxxyUezecbBrQ4=
8,13,HCRniefRfsw5dIhZmEN+DzOys9A=,fYEFW9zjg4xWJglG4YREw2psDfc=
7,13,HCRniefRfsw5dIhZmEN+DzOys9A=,yn4Z8EQXlGDryqFiGIPUP5C36xU=
7,14,HCRniefRfsw5dIhZmEN+DzOys9A=,KtGH62QZYILUctURdqrzHcA/J7Q=
8,7,HCRniefRfsw5dIhZmEN+DzOys9A=,hsQ71/E3HA4jSbqTJZm5v8CxIII=
8,8,HCRniefRfsw5dIhZmEN+DzOys9A=,/+ifJAhqdLPYzFrMo8EuONZTf4c=
7,8,HCRniefRfsw5dIhZmEN+DzOys9A=,gi3jn33NbOUaitVGsBYIvp4dCBI=
7,7,HCRniefRfsw5dIhZmEN+DzOys9A=,Dfqig1ra/TNCFBDcaGiTQ5J+Lsc=
8,6,HCRniefRfsw5dIhZmEN+DzOys9A=,hsQ71/E3HA4jSbqTJZm5v8CxIII=
8,5,HCRniefRfsw5dIhZmEN+DzOys9A=,YoTHfBdtvhx7w1PDhexiCsmKnf8=
7,5,HCRniefRfsw5dIhZmEN+DzOys9A=,LXIvJeJhfQ0aQn5LFY9UtJQ62C4=
7,6,HCRniefRfsw5dIhZmEN+DzOys9A=,Dfqig1ra/TNCFBDcaGiTQ5J+Lsc=
8,4,HCRniefRfsw5dIhZmEN+DzOys9A=,YoTHfBdtvhx7w1PDhexiCsmKnf8=
8,3,HCRniefRfsw5dIhZmEN+DzOys9A=,BOqIhtFyawFTNpXnjyPtHIZCGsQ=
7,3,HCRniefRfsw5dIhZmEN+DzOys9A=,v9SMGSTYsbduoYdTbqTa8lqbJB8=
7,4,HCRniefRfsw5dIhZmEN+DzOys9A=,LXIvJeJhfQ0aQn5LFY9UtJQ62C4=
8,2,HCRniefRfsw5dIhZmEN+DzOys9A=,BOqIhtFyawFTNpXnjyPtHIZCGsQ=
8,1,HCRniefRfsw5dIhZmEN+DzOys9A=,Blh9wv+2tmD28KnTaWjmraDhK5Y=
7,1,HCRniefRfsw5dIhZmEN+DzOys9A=,gCK78z4+B4fZfO5//LXUjqGfQ6I=
7,2,HCRniefRfsw5dIhZmEN+DzOys9A=,v9SMGSTYsbduoYdTbqTa8lqbJB8=
10,5,oirEpsvjAbI6X3IInFYiqgToyZQ=,ItA051Evo3dH99zOwRx9+4NpGFM=
10,6,oirEpsvjAbI6X3IInFYiqgToyZQ=,cNoU5zhkypYiYtnmKt3kwTJEU24=
9,6,oirEpsvjAbI6X3IInFYiqgToyZQ=,hsQ71/E3HA4jSbqTJZm5v8CxIII=
9,5,oirEpsvjAbI6X3IInFYiqgToyZQ=,YoTHfBdtvhx7w1PDhexiCsmKnf8=
10,4,oirEpsvjAbI6X3IInFYiqgToyZQ=,ItA051Evo3dH99zOwRx9+4NpGFM=
10,3,oirEpsvjAbI6X3IInFYiqgToyZQ=,8Ygwo1chgpt6dSG5CY0s5dN3KIE=
9,4,oirEpsvjAbI6X3IInFYiqgToyZQ=,YoTHfBdtvhx7w1PDhexiCsmKnf8=
9,3,oirEpsvjAbI6X3IInFYiqgToyZQ=,BOqIhtFyawFTNpXnjyPtHIZCGsQ=
10,1,oirEpsvjAbI6X3IInFYiqgToyZQ=,Blh9wv+2tmD28KnTaWjmraDhK5Y=
10,2,oirEpsvjAbI6X3IInFYiqgToyZQ=,8Ygwo1chgpt6dSG5CY0s5dN3KIE=
9,1,oirEpsvjAbI6X3IInFYiqgToyZQ=,Blh9wv+2tmD28KnTaWjmraDhK5Y=
9,2,oirEpsvjAbI6X3IInFYiqgToyZQ=,BOqIhtFyawFTNpXnjyPtHIZCGsQ=
10,7,oirEpsvjAbI6X3IInFYiqgToyZQ=,cNoU5zhkypYiYtnmKt3kwTJEU24=
9,8,oirEpsvjAbI6X3IInFYiqgToyZQ=,/+ifJAhqdLPYzFrMo8EuONZTf4c=
10,8,oirEpsvjAbI6X3IInFYiqgToyZQ=,snfsYM4GcS4rYmFfV1gVpVHtcZo=
9,7,oirEpsvjAbI6X3IInFYiqgToyZQ=,hsQ71/E3HA4jSbqTJZm5v8CxIII=
10,9,oirEpsvjAbI6X3IInFYiqgToyZQ=,snfsYM4GcS4rYmFfV1gVpVHtcZo=
10,10,oirEpsvjAbI6X3IInFYiqgToyZQ=,ssphWWuz7oxTokRQFbzJ/wIDgdA=
9,10,oirEpsvjAbI6X3IInFYiqgToyZQ=,sWhkRZxX+k62wb/uS+6GtN8ynoY=
9,9,oirEpsvjAbI6X3IInFYiqgToyZQ=,/+ifJAhqdLPYzFrMo8EuONZTf4c=
10,12,oirEpsvjAbI6X3IInFYiqgToyZQ=,Ddo/FlwUHnFQUCgF+WSHQwOubJA=
10,11,oirEpsvjAbI6X3IInFYiqgToyZQ=,ssphWWuz7oxTokRQFbzJ/wIDgdA=
9,12,oirEpsvjAbI6X3IInFYiqgToyZQ=,fYEFW9zjg4xWJglG4YREw2psDfc=
9,11,oirEpsvjAbI6X3IInFYiqgToyZQ=,sWhkRZxX+k62wb/uS+6GtN8ynoY=
10,13,oirEpsvjAbI6X3IInFYiqgToyZQ=,Ddo/FlwUHnFQUCgF+WSHQwOubJA=
10,14,oirEpsvjAbI6X3IInFYiqgToyZQ=,sAG+K7XN55hnRFc4B3e34cO0NVY=
9,14,oirEpsvjAbI6X3IInFYiqgToyZQ=,Dio5+mV6axq88hxxyUezecbBrQ4=
9,13,oirEpsvjAbI6X3IInFYiqgToyZQ=,fYEFW9zjg4xWJglG4YREw2psDfc=
12,10,skLM2H2X3Qhl/cU2XOc9aRjlmc4=,8WhA4x1clqywURHqdaOlnCx7qb8=
12,9,skLM2H2X3Qhl/cU2XOc9aRjlmc4=,kiNxG29xeas5COZa6HjPqAgkqhs=
11,9,skLM2H2X3Qhl/cU2XOc9aRjlmc4=,snfsYM4GcS4rYmFfV1gVpVHtcZo=
11,10,skLM2H2X3Qhl/cU2XOc9aRjlmc4=,ssphWWuz7oxTokRQFbzJ/wIDgdA=
11,12,skLM2H2X3Qhl/cU2XOc9aRjlmc4=,Ddo/FlwUHnFQUCgF+WSHQwOubJA=
12,12,skLM2H2X3Qhl/cU2XOc9aRjlmc4=,H6q4yHJqh1eDbrU6S7XrtzXbSoo=
12,11,skLM2H2X3Qhl/cU2XOc9aRjlmc4=,8WhA4x1clqywURHqdaOlnCx7qb8=
11,11,skLM2H2X3Qhl/cU2XOc9aRjlmc4=,ssphWWuz7oxTokRQFbzJ/wIDgdA=
12,14,skLM2H2X3Qhl/cU2XOc9aRjlmc4=,tSNqODQJtlswE/dkMLHIgsfdkvY=
11,13,skLM2H2X3Qhl/cU2XOc9aRjlmc4=,Ddo/FlwUHnFQUCgF+WSHQwOubJA=
11,14,skLM2H2X3Qhl/cU2XOc9aRjlmc4=,sAG+K7XN55hnRFc4B3e34cO0NVY=
12,13,skLM2H2X3Qhl/cU2XOc9aRjlmc4=,H6q4yHJqh1eDbrU6S7XrtzXbSoo=
14,11,skLM2H2X3Qhl/cU2XOc9aRjlmc4=,Pp1X9KenjdXwj/cT+PFU8Nly9mc=
14,12,skLM2H2X3Qhl/cU2XOc9aRjlmc4=,jhwIhic56NthP+nf/sgmPZ4ub2c=
13,11,skLM2H2X3Qhl/cU2XOc9aRjlmc4=,8WhA4x1clqywURHqdaOlnCx7qb8=
13,12,skLM2H2X3Qhl/cU2XOc9aRjlmc4=,H6q4yHJqh1eDbrU6S7XrtzXbSoo=
14,13,skLM2H2X3Qhl/cU2XOc9aRjlmc4=,jhwIhic56NthP+nf/sgmPZ4ub2c=
14,14,skLM2H2X3Qhl/cU2XOc9aRjlmc4=,/qATPAexroHR9S4rO+ay+zNBkp8=
13,14,skLM2H2X3Qhl/cU2XOc9aRjlmc4=,tSNqODQJtlswE/dkMLHIgsfdkvY=
13,13,skLM2H2X3Qhl/cU2XOc9aRjlmc4=,H6q4yHJqh1eDbrU6S7XrtzXbSoo=
14,9,skLM2H2X3Qhl/cU2XOc9aRjlmc4=,DLl+j7UR5UENeFY6pgIpih+w8RE=
14,10,skLM2H2X3Qhl/cU2XOc9aRjlmc4=,Pp1X9KenjdXwj/cT+PFU8Nly9mc=
13,10,skLM2H2X3Qhl/cU2XOc9aRjlmc4=,8WhA4x1clqywURHqdaOlnCx7qb8=
13,9,skLM2H2X3Qhl/cU2XOc9aRjlmc4=,kiNxG29xeas5COZa6HjPqAgkqhs=
14,7,cPJDKwcg/GxpbbITHsudEXthB6E=,gYeSchZven2y/MiUiRK9orklP/c=
14,8,cPJDKwcg/GxpbbITHsudEXthB6E=,DLl+j7UR5UENeFY6pgIpih+w8RE=
13,7,cPJDKwcg/GxpbbITHsudEXthB6E=,M6ljYH9CJdtunjsWGIYjTGGPA4c=
12,7,cPJDKwcg/GxpbbITHsudEXthB6E=,M6ljYH9CJdtunjsWGIYjTGGPA4c=
13,8,cPJDKwcg/GxpbbITHsudEXthB6E=,kiNxG29xeas5COZa6HjPqAgkqhs=
12,2,cPJDKwcg/GxpbbITHsudEXthB6E=,g8aNELAq/bucFpaZMIVLaUHyRb4=
11,8,cPJDKwcg/GxpbbITHsudEXthB6E=,snfsYM4GcS4rYmFfV1gVpVHtcZo=
12,3,cPJDKwcg/GxpbbITHsudEXthB6E=,g8aNELAq/bucFpaZMIVLaUHyRb4=
12,8,cPJDKwcg/GxpbbITHsudEXthB6E=,kiNxG29xeas5COZa6HjPqAgkqhs=
11,7,cPJDKwcg/GxpbbITHsudEXthB6E=,cNoU5zhkypYiYtnmKt3kwTJEU24=
12,1,cPJDKwcg/GxpbbITHsudEXthB6E=,cWxlEU22bi8bQWjhG0ldlSuBDRk=
11,1,cPJDKwcg/GxpbbITHsudEXthB6E=,Blh9wv+2tmD28KnTaWjmraDhK5Y=
12,6,cPJDKwcg/GxpbbITHsudEXthB6E=,M6ljYH9CJdtunjsWGIYjTGGPA4c=
11,2,cPJDKwcg/GxpbbITHsudEXthB6E=,8Ygwo1chgpt6dSG5CY0s5dN3KIE=
12,5,cPJDKwcg/GxpbbITHsudEXthB6E=,rG5lPATZkIPg72QmJZHwou9EjbQ=
12,4,cPJDKwcg/GxpbbITHsudEXthB6E=,rG5lPATZkIPg72QmJZHwou9EjbQ=
11,5,cPJDKwcg/GxpbbITHsudEXthB6E=,ItA051Evo3dH99zOwRx9+4NpGFM=
11,4,cPJDKwcg/GxpbbITHsudEXthB6E=,ItA051Evo3dH99zOwRx9+4NpGFM=
11,6,cPJDKwcg/GxpbbITHsudEXthB6E=,cNoU5zhkypYiYtnmKt3kwTJEU24=
11,3,cPJDKwcg/GxpbbITHsudEXthB6E=,8Ygwo1chgpt6dSG5CY0s5dN3KIE=
15,7,cPJDKwcg/GxpbbITHsudEXthB6E=,gYeSchZven2y/MiUiRK9orklP/c=
15,8,cPJDKwcg/GxpbbITHsudEXthB6E=,DLl+j7UR5UENeFY6pgIpih+w8RE=
15,9,cPJDKwcg/GxpbbITHsudEXthB6E=,DLl+j7UR5UENeFY6pgIpih+w8RE=
15,10,cPJDKwcg/GxpbbITHsudEXthB6E=,Pp1X9KenjdXwj/cT+PFU8Nly9mc=
15,11,cPJDKwcg/GxpbbITHsudEXthB6E=,Pp1X9KenjdXwj/cT+PFU8Nly9mc=
15,12,cPJDKwcg/GxpbbITHsudEXthB6E=,jhwIhic56NthP+nf/sgmPZ4ub2c=
15,13,cPJDKwcg/GxpbbITHsudEXthB6E=,jhwIhic56NthP+nf/sgmPZ4ub2c=
15,14,cPJDKwcg/GxpbbITHsudEXthB6E=,/qATPAexroHR9S4rO+ay+zNBkp8=
14,15,cPJDKwcg/GxpbbITHsudEXthB6E=,/qATPAexroHR9S4rO+ay+zNBkp8=
13,15,cPJDKwcg/GxpbbITHsudEXthB6E=,tSNqODQJtlswE/dkMLHIgsfdkvY=
12,15,cPJDKwcg/GxpbbITHsudEXthB6E=,tSNqODQJtlswE/dkMLHIgsfdkvY=
11,15,cPJDKwcg/GxpbbITHsudEXthB6E=,sAG+K7XN55hnRFc4B3e34cO0NVY=
10,15,moj2v/6JdMyOCkj4Gw8v6y7FWOU=,sAG+K7XN55hnRFc4B3e34cO0NVY=
9,15,moj2v/6JdMyOCkj4Gw8v6y7FWOU=,Dio5+mV6axq88hxxyUezecbBrQ4=
8,15,moj2v/6JdMyOCkj4Gw8v6y7FWOU=,Dio5+mV6axq88hxxyUezecbBrQ4=
7,15,moj2v/6JdMyOCkj4Gw8v6y7FWOU=,KtGH62QZYILUctURdqrzHcA/J7Q=
6,15,moj2v/6JdMyOCkj4Gw8v6y7FWOU=,KtGH62QZYILUctURdqrzHcA/J7Q=
2,15,moj2v/6JdMyOCkj4Gw8v6y7FWOU=,I86sL1ScXs8IO6TVSmnMGSE6svA=
1,15,moj2v/6JdMyOCkj4Gw8v6y7FWOU=,rre0JphV2dVGIwJkI01rPO2A2kM=
5,15,moj2v/6JdMyOCkj4Gw8v6y7FWOU=,dXe/kSyZ9U7uPq6lMKSr62EO05I=
4,15,moj2v/6JdMyOCkj4Gw8v6y7FWOU=,dXe/kSyZ9U7uPq6lMKSr62EO05I=
3,15,moj2v/6JdMyOCkj4Gw8v6y7FWOU=,I86sL1ScXs8IO6TVSmnMGSE6svA=
15,3,moj2v/6JdMyOCkj4Gw8v6y7FWOU=,7xzL3xGhREiDH/E7NvkVW9qrg0o=
0,0,moj2v/6JdMyOCkj4Gw8v6y7FWOU=,kkcqO8HMnmVqwHb05+4GwoO6wK8=
14,3,moj2v/6JdMyOCkj4Gw8v6y7FWOU=,7xzL3xGhREiDH/E7NvkVW9qrg0o=
13,6,moj2v/6JdMyOCkj4Gw8v6y7FWOU=,M6ljYH9CJdtunjsWGIYjTGGPA4c=
13,4,moj2v/6JdMyOCkj4Gw8v6y7FWOU=,rG5lPATZkIPg72QmJZHwou9EjbQ=
14,4,moj2v/6JdMyOCkj4Gw8v6y7FWOU=,ELoaIF5eKE2pjAxoAhTyhDVCaaw=
14,6,moj2v/6JdMyOCkj4Gw8v6y7FWOU=,gYeSchZven2y/MiUiRK9orklP/c=
13,3,moj2v/6JdMyOCkj4Gw8v6y7FWOU=,g8aNELAq/bucFpaZMIVLaUHyRb4=
15,6,moj2v/6JdMyOCkj4Gw8v6y7FWOU=,gYeSchZven2y/MiUiRK9orklP/c=
0,2,moj2v/6JdMyOCkj4Gw8v6y7FWOU=,kkcqO8HMnmVqwHb05+4GwoO6wK8=
15,4,moj2v/6JdMyOCkj4Gw8v6y7FWOU=,ELoaIF5eKE2pjAxoAhTyhDVCaaw=
13,5,moj2v/6JdMyOCkj4Gw8v6y7FWOU=,rG5lPATZkIPg72QmJZHwou9EjbQ=
15,5,moj2v/6JdMyOCkj4Gw8v6y7FWOU=,ELoaIF5eKE2pjAxoAhTyhDVCaaw=
14,5,moj2v/6JdMyOCkj4Gw8v6y7FWOU=,ELoaIF5eKE2pjAxoAhTyhDVCaaw=
0,4,moj2v/6JdMyOCkj4Gw8v6y7FWOU=,ubsrSP3tqKm39ZAvCiWFOa1TS8M=
0,1,moj2v/6JdMyOCkj4Gw8v6y7FWOU=,kkcqO8HMnmVqwHb05+4GwoO6wK8=
13,1,moj2v/6JdMyOCkj4Gw8v6y7FWOU=,cWxlEU22bi8bQWjhG0ldlSuBDRk=
0,6,moj2v/6JdMyOCkj4Gw8v6y7FWOU=,zYbGrPsnv6Aba44/wlcrYahQR/A=
13,0,moj2v/6JdMyOCkj4Gw8v6y7FWOU=,cWxlEU22bi8bQWjhG0ldlSuBDRk=
0,3,moj2v/6JdMyOCkj4Gw8v6y7FWOU=,kkcqO8HMnmVqwHb05+4GwoO6wK8=
0,5,moj2v/6JdMyOCkj4Gw8v6y7FWOU=,ubsrSP3tqKm39ZAvCiWFOa1TS8M=
15,1,moj2v/6JdMyOCkj4Gw8v6y7FWOU=,HPkUkNDVAOQ0J27RsbsZ93TKts8=
0,10,moj2v/6JdMyOCkj4Gw8v6y7FWOU=,xkPFjsKGZWOBi9uI77+jo+7gI/s=
0,8,moj2v/6JdMyOCkj4Gw8v6y7FWOU=,wNk3FNFzGImhLPRjk4ZxiqjnQpc=
13,2,moj2v/6JdMyOCkj4Gw8v6y7FWOU=,g8aNELAq/bucFpaZMIVLaUHyRb4=
14,2,moj2v/6JdMyOCkj4Gw8v6y7FWOU=,7xzL3xGhREiDH/E7NvkVW9qrg0o=
15,2,moj2v/6JdMyOCkj4Gw8v6y7FWOU=,7xzL3xGhREiDH/E7NvkVW9qrg0o=
0,7,moj2v/6JdMyOCkj4Gw8v6y7FWOU=,zYbGrPsnv6Aba44/wlcrYahQR/A=
14,1,moj2v/6JdMyOCkj4Gw8v6y7FWOU=,HPkUkNDVAOQ0J27RsbsZ93TKts8=
0,14,moj2v/6JdMyOCkj4Gw8v6y7FWOU=,rre0JphV2dVGIwJkI01rPO2A2kM=
15,0,moj2v/6JdMyOCkj4Gw8v6y7FWOU=,HPkUkNDVAOQ0J27RsbsZ93TKts8=
0,15,moj2v/6JdMyOCkj4Gw8v6y7FWOU=,rre0JphV2dVGIwJkI01rPO2A2kM=
6,0,moj2v/6JdMyOCkj4Gw8v6y7FWOU=,gCK78z4+B4fZfO5//LXUjqGfQ6I=
14,0,moj2v/6JdMyOCkj4Gw8v6y7FWOU=,HPkUkNDVAOQ0J27RsbsZ93TKts8=
1,0,moj2v/6JdMyOCkj4Gw8v6y7FWOU=,kkcqO8HMnmVqwHb05+4GwoO6wK8=
2,0,moj2v/6JdMyOCkj4Gw8v6y7FWOU=,kkcqO8HMnmVqwHb05+4GwoO6wK8=
0,9,moj2v/6JdMyOCkj4Gw8v6y7FWOU=,wNk3FNFzGImhLPRjk4ZxiqjnQpc=
8,0,moj2v/6JdMyOCkj4Gw8v6y7FWOU=,Blh9wv+2tmD28KnTaWjmraDhK5Y=
3,0,moj2v/6JdMyOCkj4Gw8v6y7FWOU=,kkcqO8HMnmVqwHb05+4GwoO6wK8=
0,11,moj2v/6JdMyOCkj4Gw8v6y7FWOU=,xkPFjsKGZWOBi9uI77+jo+7gI/s=
4,0,moj2v/6JdMyOCkj4Gw8v6y7FWOU=,7/iBd/GgllIGjkUo3mJA0WARw98=
0,12,moj2v/6JdMyOCkj4Gw8v6y7FWOU=,V4/3CVfMCzBVfuWDWAhQkO0N4RI=
7,0,moj2v/6JdMyOCkj4Gw8v6y7FWOU=,gCK78z4+B4fZfO5//LXUjqGfQ6I=
11,0,moj2v/6JdMyOCkj4Gw8v6y7FWOU=,Blh9wv+2tmD28KnTaWjmraDhK5Y=
0,13,moj2v/6JdMyOCkj4Gw8v6y7FWOU=,V4/3CVfMCzBVfuWDWAhQkO0N4RI=
5,0,moj2v/6JdMyOCkj4Gw8v6y7FWOU=,7/iBd/GgllIGjkUo3mJA0WARw98=
9,0,moj2v/6JdMyOCkj4Gw8v6y7FWOU=,Blh9wv+2tmD28KnTaWjmraDhK5Y=
15,15,moj2v/6JdMyOCkj4Gw8v6y7FWOU=,/qATPAexroHR9S4rO+ay+zNBkp8=
10,0,moj2v/6JdMyOCkj4Gw8v6y7FWOU=,Blh9wv+2tmD28KnTaWjmraDhK5Y=
12,0,moj2v/6JdMyOCkj4Gw8v6y7FWOU=,cWxlEU22bi8bQWjhG0ldlSuBDRk=
1,20,moj2v/6JdMyOCkj4Gw8v6y7FWOU=,mVujHhIBHGYN3CIyYmIiqfhM6Kk=
2,20,moj2v/6JdMyOCkj4Gw8v6y7FWOU=,MfVbUZ6YWrotdnnNaA4u2lomPw8=
1,19,moj2v/6JdMyOCkj4Gw8v6y7FWOU=,8SlSK/3DiMgKntMVBPNdRNvgB40=
2,19,moj2v/6JdMyOCkj4Gw8v6y7FWOU=,LRgMTnGjsAhw46ypXiYvZkPSTJE=
2,21,TiiEqxGsE2X5QEljvP4hlv5r7Wo=,MfVbUZ6YWrotdnnNaA4u2lomPw8=
2,22,TiiEqxGsE2X5QEljvP4hlv5r7Wo=,mEUdKTBizyzNr+fCz1aWxlFO1fw=
1,21,TiiEqxGsE2X5QEljvP4hlv5r7Wo=,mVujHhIBHGYN3CIyYmIiqfhM6Kk=
1,22,TiiEqxGsE2X5QEljvP4hlv5r7Wo=,UfMPL/x4h4csuxn7L2HO69JMjgE=
3,19,fM1RvJ8C31tf3lyObxVlbsuI4fw=,LRgMTnGjsAhw46ypXiYvZkPSTJE=
4,20,fM1RvJ8C31tf3lyObxVlbsuI4fw=,7+GL4pn4smugzspEstWX9OvHAss=
3,20,fM1RvJ8C31tf3lyObxVlbsuI4fw=,MfVbUZ6YWrotdnnNaA4u2lomPw8=
4,18,fM1RvJ8C31tf3lyObxVlbsuI4fw=,6AOcNIegYX2+xuRHrtgD3Kgyyes=
4,17,fM1RvJ8C31tf3lyObxVlbsuI4fw=,s2H+ao5CoqmBwCgmjGsK1Zqc+XA=
3,17,fM1RvJ8C31tf3lyObxVlbsuI4fw=,U94xRy8trhQTHajI1zG9DfOk8oI=
3,18,fM1RvJ8C31tf3lyObxVlbsuI4fw=,LRgMTnGjsAhw46ypXiYvZkPSTJE=
3,22,fM1RvJ8C31tf3lyObxVlbsuI4fw=,mEUdKTBizyzNr+fCz1aWxlFO1fw=
4,19,fM1RvJ8C31tf3lyObxVlbsuI4fw=,6AOcNIegYX2+xuRHrtgD3Kgyyes=
4,22,fM1RvJ8C31tf3lyObxVlbsuI4fw=,fdVRHogRjjS7VIn9jv/pLyNeT3Y=
3,21,fM1RvJ8C31tf3lyObxVlbsuI4fw=,MfVbUZ6YWrotdnnNaA4u2lomPw8=
4,21,fM1RvJ8C31tf3lyObxVlbsuI4fw=,7+GL4pn4smugzspEstWX9OvHAss=
4,23,uCCTtv1ltyRWb8eSTA4w9A3ADUc=,fdVRHogRjjS7VIn9jv/pLyNeT3Y=
3,24,uCCTtv1ltyRWb8eSTA4w9A3ADUc=,jfE8klgMwXMlymfjB5kVOYFa06E=
4,24,uCCTtv1ltyRWb8eSTA4w9A3ADUc=,uCS2tzdPiGaQLX2U3Afv+u2YbXY=
3,25,uCCTtv1ltyRWb8eSTA4w9A3ADUc=,jfE8klgMwXMlymfjB5kVOYFa06E=
3,23,uCCTtv1ltyRWb8eSTA4w9A3ADUc=,mEUdKTBizyzNr+fCz1aWxlFO1fw=
4,25,uCCTtv1ltyRWb8eSTA4w9A3ADUc=,uCS2tzdPiGaQLX2U3Afv+u2YbXY=
3,26,uCCTtv1ltyRWb8eSTA4w9A3ADUc=,mg/H24VHqQSZjZk/A3jLP4bZiv8=
4,26,uCCTtv1ltyRWb8eSTA4w9A3ADUc=,sfu/PeHI0lR4OQ6h3GZTHMlm1cg=
2,28,uCCTtv1ltyRWb8eSTA4w9A3ADUc=,FoweSf+YoapX/G5tD+doNjTyo7g=
1,28,uCCTtv1ltyRWb8eSTA4w9A3ADUc=,askbM3p4XyNSZ/X9c3C/OWn8pBc=
2,27,uCCTtv1ltyRWb8eSTA4w9A3ADUc=,mg/H24VHqQSZjZk/A3jLP4bZiv8=
3,28,uCCTtv1ltyRWb8eSTA4w9A3ADUc=,FoweSf+YoapX/G5tD+doNjTyo7g=
1,27,uCCTtv1ltyRWb8eSTA4w9A3ADUc=,ZUH6x5x/Vs+fOMb1r9grCCHWIbM=
3,27,uCCTtv1ltyRWb8eSTA4w9A3ADUc=,mg/H24VHqQSZjZk/A3jLP4bZiv8=
4,28,uCCTtv1ltyRWb8eSTA4w9A3ADUc=,zFlhkSVF8j6/yh+23VDu89tpzFc=
4,27,uCCTtv1ltyRWb8eSTA4w9A3ADUc=,sfu/PeHI0lR4OQ6h3GZTHMlm1cg=
2,25,uCCTtv1ltyRWb8eSTA4w9A3ADUc=,jfE8klgMwXMlymfjB5kVOYFa06E=
1,26,uCCTtv1ltyRWb8eSTA4w9A3ADUc=,ZUH6x5x/Vs+fOMb1r9grCCHWIbM=
0,26,uCCTtv1ltyRWb8eSTA4w9A3ADUc=,ZUH6x5x/Vs+fOMb1r9grCCHWIbM=
2,24,uCCTtv1ltyRWb8eSTA4w9A3ADUc=,jfE8klgMwXMlymfjB5kVOYFa06E=
1,25,uCCTtv1ltyRWb8eSTA4w9A3ADUc=,c8PKlNYFOFrvesP1n+87//zE848=
0,25,uCCTtv1ltyRWb8eSTA4w9A3ADUc=,c8PKlNYFOFrvesP1n+87//zE848=
1,23,uCCTtv1ltyRWb8eSTA4w9A3ADUc=,UfMPL/x4h4csuxn7L2HO69JMjgE=
2,26,uCCTtv1ltyRWb8eSTA4w9A3ADUc=,mg/H24VHqQSZjZk/A3jLP4bZiv8=
1,24,uCCTtv1ltyRWb8eSTA4w9A3ADUc=,c8PKlNYFOFrvesP1n+87//zE848=
2,23,uCCTtv1ltyRWb8eSTA4w9A3ADUc=,mEUdKTBizyzNr+fCz1aWxlFO1fw=
6,26,QLba30rjdkAAPNup3xb3xJNKEkw=,ZUH6x5x/Vs+fOMb1r9grCCHWIbM=
8,25,QLba30rjdkAAPNup3xb3xJNKEkw=,7Yi2aA+xGb9H1toLmMj5P+ONyBM=
7,26,QLba30rjdkAAPNup3xb3xJNKEkw=,ZUH6x5x/Vs+fOMb1r9grCCHWIbM=
5,25,QLba30rjdkAAPNup3xb3xJNKEkw=,uCS2tzdPiGaQLX2U3Afv+u2YbXY=
6,25,QLba30rjdkAAPNup3xb3xJNKEkw=,26oNzRQtffKps+FQ5pb6tVEWFBw=
8,26,QLba30rjdkAAPNup3xb3xJNKEkw=,7C0NCAGE/4Rl9IHEJPJw5eWUlqw=
7,25,QLba30rjdkAAPNup3xb3xJNKEkw=,26oNzRQtffKps+FQ5pb6tVEWFBw=
5,26,QLba30rjdkAAPNup3xb3xJNKEkw=,sfu/PeHI0lR4OQ6h3GZTHMlm1cg=
9,26,tVZ0FZNlPITqJO9cW2WAX9m70SI=,7C0NCAGE/4Rl9IHEJPJw5eWUlqw=
10,25,tVZ0FZNlPITqJO9cW2WAX9m70SI=,wMX2+pIxKg04hJpg885Ugn3Go30=
9,25,tVZ0FZNlPITqJO9cW2WAX9m70SI=,7Yi2aA+xGb9H1toLmMj5P+ONyBM=
10,26,tVZ0FZNlPITqJO9cW2WAX9m70SI=,K7K+PGwXK13BlcnBxEpgWCxD7Y0=
11,25,tVZ0FZNlPITqJO9cW2WAX9m70SI=,wMX2+pIxKg04hJpg885Ugn3Go30=
12,25,tVZ0FZNlPITqJO9cW2WAX9m70SI=,eFhgbmh6mCwHxhdEy6Bl2WqNfPE=
12,26,tVZ0FZNlPITqJO9cW2WAX9m70SI=,XRAIj4vun779YDbJOsp0Cc7LQo8=
11,26,tVZ0FZNlPITqJO9cW2WAX9m70SI=,K7K+PGwXK13BlcnBxEpgWCxD7Y0=
13,25,1utx6GHkhNItRSGBqvyLgapk648=,eFhgbmh6mCwHxhdEy6Bl2WqNfPE=
14,26,1utx6GHkhNItRSGBqvyLgapk648=,XRAIj4vun779YDbJOsp0Cc7LQo8=
14,25,1utx6GHkhNItRSGBqvyLgapk648=,d02pNTAhXiju+Hd7QhtE19Fg+cM=
13,26,1utx6GHkhNItRSGBqvyLgapk648=,XRAIj4vun779YDbJOsp0Cc7LQo8=
14,23,1utx6GHkhNItRSGBqvyLgapk648=,F/RABaC5FSzkD/xTG18si1z1374=
13,24,1utx6GHkhNItRSGBqvyLgapk648=,eFhgbmh6mCwHxhdEy6Bl2WqNfPE=
13,23,1utx6GHkhNItRSGBqvyLgapk648=,EAcGjE0WXP3dNUCQytCotUuA9+o=
14,24,1utx6GHkhNItRSGBqvyLgapk648=,d02pNTAhXiju+Hd7QhtE19Fg+cM=
13,21,1utx6GHkhNItRSGBqvyLgapk648=,WqmxcdGNMtMIqKJ1L/OH4tDACg8=
13,22,1utx6GHkhNItRSGBqvyLgapk648=,EAcGjE0WXP3dNUCQytCotUuA9+o=
14,21,1utx6GHkhNItRSGBqvyLgapk648=,TcNKe3D2TeBZe9K0ogFYDqWyJpk=
14,22,1utx6GHkhNItRSGBqvyLgapk648=,F/RABaC5FSzkD/xTG18si1z1374=
13,19,dkZej/wljifVVLT6eBzsJ493CV0=,WqmxcdGNMtMIqKJ1L/OH4tDACg8=
13,20,dkZej/wljifVVLT6eBzsJ493CV0=,WqmxcdGNMtMIqKJ1L/OH4tDACg8=
14,20,dkZej/wljifVVLT6eBzsJ493CV0=,TcNKe3D2TeBZe9K0ogFYDqWyJpk=
14,19,dkZej/wljifVVLT6eBzsJ493CV0=,5A6aiHlFZZQRWvgOUqYOnIgdzKc=
13,17,dkZej/wljifVVLT6eBzsJ493CV0=,233gnChw27h9/pP7hkqHPbfOxHE=
14,17,dkZej/wljifVVLT6eBzsJ493CV0=,LKK/59A0DrN022DqOOmYLVscU8Q=
13,18,dkZej/wljifVVLT6eBzsJ493CV0=,WqmxcdGNMtMIqKJ1L/OH4tDACg8=
14,18,dkZej/wljifVVLT6eBzsJ493CV0=,5A6aiHlFZZQRWvgOUqYOnIgdzKc=
11,18,K1cHqnaSFXUKngaDa6XGmA1HuXI=,WqmxcdGNMtMIqKJ1L/OH4tDACg8=
12,18,K1cHqnaSFXUKngaDa6XGmA1HuXI=,WqmxcdGNMtMIqKJ1L/OH4tDACg8=
12,17,K1cHqnaSFXUKngaDa6XGmA1HuXI=,233gnChw27h9/pP7hkqHPbfOxHE=
11,17,K1cHqnaSFXUKngaDa6XGmA1HuXI=,eYvYnPf/Z9QZb6Sw8xYKqggS7Yg=
11,19,K1cHqnaSFXUKngaDa6XGmA1HuXI=,WqmxcdGNMtMIqKJ1L/OH4tDACg8=
11,20,K1cHqnaSFXUKngaDa6XGmA1HuXI=,WqmxcdGNMtMIqKJ1L/OH4tDACg8=
12,19,K1cHqnaSFXUKngaDa6XGmA1HuXI=,WqmxcdGNMtMIqKJ1L/OH4tDACg8=
12,20,K1cHqnaSFXUKngaDa6XGmA1HuXI=,WqmxcdGNMtMIqKJ1L/OH4tDACg8=
11,22,K1cHqnaSFXUKngaDa6XGmA1HuXI=,edtMqVmIydD5LScvousp0drxKfs=
11,21,K1cHqnaSFXUKngaDa6XGmA1HuXI=,WqmxcdGNMtMIqKJ1L/OH4tDACg8=
11,24,K1cHqnaSFXUKngaDa6XGmA1HuXI=,wMX2+pIxKg04hJpg885Ugn3Go30=
11,23,K1cHqnaSFXUKngaDa6XGmA1HuXI=,edtMqVmIydD5LScvousp0drxKfs=
12,21,K1cHqnaSFXUKngaDa6XGmA1HuXI=,WqmxcdGNMtMIqKJ1L/OH4tDACg8=
12,23,K1cHqnaSFXUKngaDa6XGmA1HuXI=,EAcGjE0WXP3dNUCQytCotUuA9+o=
12,24,K1cHqnaSFXUKngaDa6XGmA1HuXI=,eFhgbmh6mCwHxhdEy6Bl2WqNfPE=
12,22,K1cHqnaSFXUKngaDa6XGmA1HuXI=,EAcGjE0WXP3dNUCQytCotUuA9+o=
9,24,8gYCjLjwof5+zj71dHWXg+5vuRo=,7Yi2aA+xGb9H1toLmMj5P+ONyBM=
9,23,8gYCjLjwof5+zj71dHWXg+5vuRo=,jYcW7G3q4AHnWgup3eBxeY6aG28=
9,21,8gYCjLjwof5+zj71dHWXg+5vuRo=,9rvnedAOhpNrUGab+bRu0FjOcIs=
10,22,8gYCjLjwof5+zj71dHWXg+5vuRo=,edtMqVmIydD5LScvousp0drxKfs=
10,24,8gYCjLjwof5+zj71dHWXg+5vuRo=,wMX2+pIxKg04hJpg885Ugn3Go30=
9,22,8gYCjLjwof5+zj71dHWXg+5vuRo=,jYcW7G3q4AHnWgup3eBxeY6aG28=
10,23,8gYCjLjwof5+zj71dHWXg+5vuRo=,edtMqVmIydD5LScvousp0drxKfs=
10,21,8gYCjLjwof5+zj71dHWXg+5vuRo=,WqmxcdGNMtMIqKJ1L/OH4tDACg8=
9,19,8gYCjLjwof5+zj71dHWXg+5vuRo=,LnVV4pFT3kpqzO7G1iUvEAgIBiQ=
9,20,8gYCjLjwof5+zj71dHWXg+5vuRo=,9rvnedAOhpNrUGab+bRu0FjOcIs=
10,19,8gYCjLjwof5+zj71dHWXg+5vuRo=,WqmxcdGNMtMIqKJ1L/OH4tDACg8=
10,20,8gYCjLjwof5+zj71dHWXg+5vuRo=,WqmxcdGNMtMIqKJ1L/OH4tDACg8=
10,18,8gYCjLjwof5+zj71dHWXg+5vuRo=,WqmxcdGNMtMIqKJ1L/OH4tDACg8=
10,17,8gYCjLjwof5+zj71dHWXg+5vuRo=,eYvYnPf/Z9QZb6Sw8xYKqggS7Yg=
9,17,8gYCjLjwof5+zj71dHWXg+5vuRo=,bkVM/s+7440rXADSBnJkts7isFE=
9,18,8gYCjLjwof5+zj71dHWXg+5vuRo=,LnVV4pFT3kpqzO7G1iUvEAgIBiQ=
4,16,8gYCjLjwof5+zj71dHWXg+5vuRo=,s2H+ao5CoqmBwCgmjGsK1Zqc+XA=
3,16,8gYCjLjwof5+zj71dHWXg+5vuRo=,U94xRy8trhQTHajI1zG9DfOk8oI=
5,22,iAYpEwN6yw47Onih7olNEw95eCc=,fdVRHogRjjS7VIn9jv/pLyNeT3Y=
5,23,iAYpEwN6yw47Onih7olNEw95eCc=,fdVRHogRjjS7VIn9jv/pLyNeT3Y=
6,21,iAYpEwN6yw47Onih7olNEw95eCc=,K6GcvLnqmgyD7B41Wa97yTmQ6iE=
8,22,iAYpEwN6yw47Onih7olNEw95eCc=,jYcW7G3q4AHnWgup3eBxeY6aG28=
7,21,iAYpEwN6yw47Onih7olNEw95eCc=,K6GcvLnqmgyD7B41Wa97yTmQ6iE=
8,21,iAYpEwN6yw47Onih7olNEw95eCc=,9rvnedAOhpNrUGab+bRu0FjOcIs=
6,24,iAYpEwN6yw47Onih7olNEw95eCc=,26oNzRQtffKps+FQ5pb6tVEWFBw=
6,22,iAYpEwN6yw47Onih7olNEw95eCc=,EzK4TBcG7SUq0v43XS76BOGMLws=
7,22,iAYpEwN6yw47Onih7olNEw95eCc=,EzK4TBcG7SUq0v43XS76BOGMLws=
8,23,iAYpEwN6yw47Onih7olNEw95eCc=,jYcW7G3q4AHnWgup3eBxeY6aG28=
8,24,iAYpEwN6yw47Onih7olNEw95eCc=,7Yi2aA+xGb9H1toLmMj5P+ONyBM=
5,20,iAYpEwN6yw47Onih7olNEw95eCc=,7+GL4pn4smugzspEstWX9OvHAss=
7,24,iAYpEwN6yw47Onih7olNEw95eCc=,26oNzRQtffKps+FQ5pb6tVEWFBw=
5,21,iAYpEwN6yw47Onih7olNEw95eCc=,7+GL4pn4smugzspEstWX9OvHAss=
5,19,iAYpEwN6yw47Onih7olNEw95eCc=,6AOcNIegYX2+xuRHrtgD3Kgyyes=
6,23,iAYpEwN6yw47Onih7olNEw95eCc=,EzK4TBcG7SUq0v43XS76BOGMLws=
5,24,iAYpEwN6yw47Onih7olNEw95eCc=,uCS2tzdPiGaQLX2U3Afv+u2YbXY=
6,19,iAYpEwN6yw47Onih7olNEw95eCc=,w+GT+wzNPf+e4PL5eM6cRcZGK+U=
7,23,iAYpEwN6yw47Onih7olNEw95eCc=,EzK4TBcG7SUq0v43XS76BOGMLws=
7,19,iAYpEwN6yw47Onih7olNEw95eCc=,w+GT+wzNPf+e4PL5eM6cRcZGK+U=
0,19,iAYpEwN6yw47Onih7olNEw95eCc=,8SlSK/3DiMgKntMVBPNdRNvgB40=
0,20,iAYpEwN6yw47Onih7olNEw95eCc=,mVujHhIBHGYN3CIyYmIiqfhM6Kk=
6,20,iAYpEwN6yw47Onih7olNEw95eCc=,K6GcvLnqmgyD7B41Wa97yTmQ6iE=
5,16,iAYpEwN6yw47Onih7olNEw95eCc=,s2H+ao5CoqmBwCgmjGsK1Zqc+XA=
0,27,iAYpEwN6yw47Onih7olNEw95eCc=,ZUH6x5x/Vs+fOMb1r9grCCHWIbM=
7,20,iAYpEwN6yw47Onih7olNEw95eCc=,K6GcvLnqmgyD7B41Wa97yTmQ6iE=
5,18,iAYpEwN6yw47Onih7olNEw95eCc=,6AOcNIegYX2+xuRHrtgD3Kgyyes=
0,28,iAYpEwN6yw47Onih7olNEw95eCc=,askbM3p4XyNSZ/X9c3C/OWn8pBc=
0,21,iAYpEwN6yw47Onih7olNEw95eCc=,mVujHhIBHGYN3CIyYmIiqfhM6Kk=
0,22,iAYpEwN6yw47Onih7olNEw95eCc=,UfMPL/x4h4csuxn7L2HO69JMjgE=
0,23,iAYpEwN6yw47Onih7olNEw95eCc=,UfMPL/x4h4csuxn7L2HO69JMjgE=
6,17,iAYpEwN6yw47Onih7olNEw95eCc=,oeQHgmcdfxIS/tfimekAuQJLBRQ=
0,24,iAYpEwN6yw47Onih7olNEw95eCc=,c8PKlNYFOFrvesP1n+87//zE848=
7,17,iAYpEwN6yw47Onih7olNEw95eCc=,oeQHgmcdfxIS/tfimekAuQJLBRQ=
5,17,iAYpEwN6yw47Onih7olNEw95eCc=,s2H+ao5CoqmBwCgmjGsK1Zqc+XA=
6,18,iAYpEwN6yw47Onih7olNEw95eCc=,w+GT+wzNPf+e4PL5eM6cRcZGK+U=
8,19,iAYpEwN6yw47Onih7olNEw95eCc=,LnVV4pFT3kpqzO7G1iUvEAgIBiQ=
8,20,iAYpEwN6yw47Onih7olNEw95eCc=,9rvnedAOhpNrUGab+bRu0FjOcIs=
7,18,iAYpEwN6yw47Onih7olNEw95eCc=,w+GT+wzNPf+e4PL5eM6cRcZGK+U=
6,16,iAYpEwN6yw47Onih7olNEw95eCc=,oeQHgmcdfxIS/tfimekAuQJLBRQ=
8,18,iAYpEwN6yw47Onih7olNEw95eCc=,LnVV4pFT3kpqzO7G1iUvEAgIBiQ=
8,17,iAYpEwN6yw47Onih7olNEw95eCc=,bkVM/s+7440rXADSBnJkts7isFE=
15,22,iAYpEwN6yw47Onih7olNEw95eCc=,F/RABaC5FSzkD/xTG18si1z1374=
15,20,iAYpEwN6yw47Onih7olNEw95eCc=,TcNKe3D2TeBZe9K0ogFYDqWyJpk=
15,19,iAYpEwN6yw47Onih7olNEw95eCc=,5A6aiHlFZZQRWvgOUqYOnIgdzKc=
15,21,iAYpEwN6yw47Onih7olNEw95eCc=,TcNKe3D2TeBZe9K0ogFYDqWyJpk=
15,26,iAYpEwN6yw47Onih7olNEw95eCc=,XRAIj4vun779YDbJOsp0Cc7LQo8=
15,24,iAYpEwN6yw47Onih7olNEw95eCc=,d02pNTAhXiju+Hd7QhtE19Fg+cM=
15,25,iAYpEwN6yw47Onih7olNEw95eCc=,d02pNTAhXiju+Hd7QhtE19Fg+cM=
15,23,iAYpEwN6yw47Onih7olNEw95eCc=,F/RABaC5FSzkD/xTG18si1z1374=
15,18,iAYpEwN6yw47Onih7olNEw95eCc=,5A6aiHlFZZQRWvgOUqYOnIgdzKc=
15,17,iAYpEwN6yw47Onih7olNEw95eCc=,LKK/59A0DrN022DqOOmYLVscU8Q=
0,16,iAYpEwN6yw47Onih7olNEw95eCc=,EtC9ofR12k9eySjYCX4txC9rpGw=
2,16,iAYpEwN6yw47Onih7olNEw95eCc=,U94xRy8trhQTHajI1zG9DfOk8oI=
2,18,iAYpEwN6yw47Onih7olNEw95eCc=,LRgMTnGjsAhw46ypXiYvZkPSTJE=
1,16,iAYpEwN6yw47Onih7olNEw95eCc=,EtC9ofR12k9eySjYCX4txC9rpGw=
13,16,iAYpEwN6yw47Onih7olNEw95eCc=,233gnChw27h9/pP7hkqHPbfOxHE=
11,16,iAYpEwN6yw47Onih7olNEw95eCc=,eYvYnPf/Z9QZb6Sw8xYKqggS7Yg=
0,17,iAYpEwN6yw47Onih7olNEw95eCc=,EtC9ofR12k9eySjYCX4txC9rpGw=
2,17,iAYpEwN6yw47Onih7olNEw95eCc=,U94xRy8trhQTHajI1zG9DfOk8oI=
1,17,iAYpEwN6yw47Onih7olNEw95eCc=,EtC9ofR12k9eySjYCX4txC9rpGw=
14,16,iAYpEwN6yw47Onih7olNEw95eCc=,LKK/59A0DrN022DqOOmYLVscU8Q=
0,18,iAYpEwN6yw47Onih7olNEw95eCc=,8SlSK/3DiMgKntMVBPNdRNvgB40=
12,16,iAYpEwN6yw47Onih7olNEw95eCc=,233gnChw27h9/pP7hkqHPbfOxHE=
1,18,iAYpEwN6yw47Onih7olNEw95eCc=,8SlSK/3DiMgKntMVBPNdRNvgB40=
15,16,iAYpEwN6yw47Onih7olNEw95eCc=,LKK/59A0DrN022DqOOmYLVscU8Q=
8,16,iAYpEwN6yw47Onih7olNEw95eCc=,bkVM/s+7440rXADSBnJkts7isFE=
10,16,iAYpEwN6yw47Onih7olNEw95eCc=,eYvYnPf/Z9QZb6Sw8xYKqggS7Yg=
9,16,iAYpEwN6yw47Onih7olNEw95eCc=,bkVM/s+7440rXADSBnJkts7isFE=
7,16,iAYpEwN6yw47Onih7olNEw95eCc=,oeQHgmcdfxIS/tfimekAuQJLBRQ=
13,27,iAYpEwN6yw47Onih7olNEw95eCc=,XRAIj4vun779YDbJOsp0Cc7LQo8=
15,27,iAYpEwN6yw47Onih7olNEw95eCc=,XRAIj4vun779YDbJOsp0Cc7LQo8=
13,28,iAYpEwN6yw47Onih7olNEw95eCc=,+7L06fPx/UjGqWbWexdfsvdIM68=
14,27,iAYpEwN6yw47Onih7olNEw95eCc=,XRAIj4vun779YDbJOsp0Cc7LQo8=
14,28,iAYpEwN6yw47Onih7olNEw95eCc=,+7L06fPx/UjGqWbWexdfsvdIM68=
15,28,iAYpEwN6yw47Onih7olNEw95eCc=,+7L06fPx/UjGqWbWexdfsvdIM68=
11,27,iAYpEwN6yw47Onih7olNEw95eCc=,K7K+PGwXK13BlcnBxEpgWCxD7Y0=
12,28,iAYpEwN6yw47Onih7olNEw95eCc=,+7L06fPx/UjGqWbWexdfsvdIM68=
11,28,iAYpEwN6yw47Onih7olNEw95eCc=,kNZCxJl1iZTBBk7ZhXUeEL8abnY=
5,28,iAYpEwN6yw47Onih7olNEw95eCc=,zFlhkSVF8j6/yh+23VDu89tpzFc=
12,27,iAYpEwN6yw47Onih7olNEw95eCc=,XRAIj4vun779YDbJOsp0Cc7LQo8=
6,28,iAYpEwN6yw47Onih7olNEw95eCc=,z5hJNW9leJ1+MqxPlmdBku2sGuc=
10,28,iAYpEwN6yw47Onih7olNEw95eCc=,kNZCxJl1iZTBBk7ZhXUeEL8abnY=
6,27,iAYpEwN6yw47Onih7olNEw95eCc=,ZUH6x5x/Vs+fOMb1r9grCCHWIbM=
8,28,iAYpEwN6yw47Onih7olNEw95eCc=,kNZCxJl1iZTBBk7ZhXUeEL8abnY=
5,27,iAYpEwN6yw47Onih7olNEw95eCc=,sfu/PeHI0lR4OQ6h3GZTHMlm1cg=
7,28,iAYpEwN6yw47Onih7olNEw95eCc=,z5hJNW9leJ1+MqxPlmdBku2sGuc=
9,28,iAYpEwN6yw47Onih7olNEw95eCc=,kNZCxJl1iZTBBk7ZhXUeEL8abnY=
9,27,iAYpEwN6yw47Onih7olNEw95eCc=,7C0NCAGE/4Rl9IHEJPJw5eWUlqw=
7,27,iAYpEwN6yw47Onih7olNEw95eCc=,ZUH6x5x/Vs+fOMb1r9grCCHWIbM=
10,27,iAYpEwN6yw47Onih7olNEw95eCc=,K7K+PGwXK13BlcnBxEpgWCxD7Y0=
8,27,iAYpEwN6yw47Onih7olNEw95eCc=,7C0NCAGE/4Rl9IHEJPJw5eWUlqw=
31,18,H+U5nswL1zJ4W1Sa95ehFHywzk0=,fAsTwFMvAoaWZEkEpNm+IsGoQkc=
31,17,H+U5nswL1zJ4W1Sa95ehFHywzk0=,XcyFt7szs7a64nvkyJ7RR7alRlc=
30,18,Pss/+8Id29SPr7yhT95vrOzPgsc=,fAsTwFMvAoaWZEkEpNm+IsGoQkc=
30,17,Pss/+8Id29SPr7yhT95vrOzPgsc=,XcyFt7szs7a64nvkyJ7RR7alRlc=
29,17,Pss/+8Id29SPr7yhT95vrOzPgsc=,3qTgI2kOyREehQ4hOX6QCjaP2bY=
29,18,Pss/+8Id29SPr7yhT95vrOzPgsc=,TFn6cN0AfCkFYXkY/DnBH5cdRrQ=
31,20,Pss/+8Id29SPr7yhT95vrOzPgsc=,F8VlFjUqWpkrkWABOeDZ0K17b18=
31,19,Pss/+8Id29SPr7yhT95vrOzPgsc=,fAsTwFMvAoaWZEkEpNm+IsGoQkc=
30,20,Pss/+8Id29SPr7yhT95vrOzPgsc=,F8VlFjUqWpkrkWABOeDZ0K17b18=
29,19,Pss/+8Id29SPr7yhT95vrOzPgsc=,TFn6cN0AfCkFYXkY/DnBH5cdRrQ=
30,19,Pss/+8Id29SPr7yhT95vrOzPgsc=,fAsTwFMvAoaWZEkEpNm+IsGoQkc=
29,20,Pss/+8Id29SPr7yhT95vrOzPgsc=,BQ6kaPdToa5h4Vs7EskqP4lo05s=
31,22,Pss/+8Id29SPr7yhT95vrOzPgsc=,jQ1mU/hHPwY8t7lSQawcsJsfc+0=
31,21,Pss/+8Id29SPr7yhT95vrOzPgsc=,F8VlFjUqWpkrkWABOeDZ0K17b18=
30,22,Pss/+8Id29SPr7yhT95vrOzPgsc=,jQ1mU/hHPwY8t7lSQawcsJsfc+0=
30,21,Pss/+8Id29SPr7yhT95vrOzPgsc=,F8VlFjUqWpkrkWABOeDZ0K17b18=
29,21,Pss/+8Id29SPr7yhT95vrOzPgsc=,BQ6kaPdToa5h4Vs7EskqP4lo05s=
29,22,Pss/+8Id29SPr7yhT95vrOzPgsc=,7gGdDxVpoeUxPgCOllmMgUQ07c0=
28,21,wVKbs9SvdstWrDDVS2SpA1nPRjo=,BQ6kaPdToa5h4Vs7EskqP4lo05s=
28,22,wVKbs9SvdstWrDDVS2SpA1nPRjo=,7gGdDxVpoeUxPgCOllmMgUQ07c0=
27,21,wVKbs9SvdstWrDDVS2SpA1nPRjo=,NhiIoNAtS7bAECNFd+y4pAS4J1M=
27,22,wVKbs9SvdstWrDDVS2SpA1nPRjo=,0+6WfS4qtUIh/gSVRO6vDPQZ4vU=
28,19,wVKbs9SvdstWrDDVS2SpA1nPRjo=,TFn6cN0AfCkFYXkY/DnBH5cdRrQ=
27,20,wVKbs9SvdstWrDDVS2SpA1nPRjo=,NhiIoNAtS7bAECNFd+y4pAS4J1M=
27,19,wVKbs9SvdstWrDDVS2SpA1nPRjo=,kZ1cm3/0aOoaovDbutfZcIvAo9g=
28,20,wVKbs9SvdstWrDDVS2SpA1nPRjo=,BQ6kaPdToa5h4Vs7EskqP4lo05s=
27,17,wVKbs9SvdstWrDDVS2SpA1nPRjo=,0V/EOQA53pMBcAdbQlEPgkeA49g=
27,18,wVKbs9SvdstWrDDVS2SpA1nPRjo=,kZ1cm3/0aOoaovDbutfZcIvAo9g=
28,17,wVKbs9SvdstWrDDVS2SpA1nPRjo=,3qTgI2kOyREehQ4hOX6QCjaP2bY=
28,18,wVKbs9SvdstWrDDVS2SpA1nPRjo=,TFn6cN0AfCkFYXkY/DnBH5cdRrQ=
26,21,6FbQy816gped9gBi8m3G4nHp8U0=,NhiIoNAtS7bAECNFd+y4pAS4J1M=
25,22,6FbQy816gped9gBi8m3G4nHp8U0=,2GSviazJilhflSC85gYfPbtBUyE=
25,21,6FbQy816gped9gBi8m3G4nHp8U0=,ms+ZXBw7qpbPTkI2P/dFNGlvaik=
26,22,6FbQy816gped9gBi8m3G4nHp8U0=,0+6WfS4qtUIh/gSVRO6vDPQZ4vU=
26,20,6FbQy816gped9gBi8m3G4nHp8U0=,NhiIoNAtS7bAECNFd+y4pAS4J1M=
26,19,6FbQy816gped9gBi8m3G4nHp8U0=,kZ1cm3/0aOoaovDbutfZcIvAo9g=
25,20,6FbQy816gped9gBi8m3G4nHp8U0=,ms+ZXBw7qpbPTkI2P/dFNGlvaik=
25,19,6FbQy816gped9gBi8m3G4nHp8U0=,Me+62Ka7xJGd7/Ub1j/9zn5FINA=
26,17,gibozaXHusF8PGtwN3C6I98bBR0=,0V/EOQA53pMBcAdbQlEPgkeA49g=
25,17,gibozaXHusF8PGtwN3C6I98bBR0=,ZTzL6yCCPLRcG207zDx4eSZggbQ=
25,18,gibozaXHusF8PGtwN3C6I98bBR0=,Me+62Ka7xJGd7/Ub1j/9zn5FINA=
26,18,gibozaXHusF8PGtwN3C6I98bBR0=,kZ1cm3/0aOoaovDbutfZcIvAo9g=
23,20,gibozaXHusF8PGtwN3C6I98bBR0=,3ruc6UQ7Mqgkgab3zyQu6x5plQk=
24,19,gibozaXHusF8PGtwN3C6I98bBR0=,Me+62Ka7xJGd7/Ub1j/9zn5FINA=
23,19,gibozaXHusF8PGtwN3C6I98bBR0=,vErP1jzRhlEYFnSD8digE2S1YDs=
24,20,gibozaXHusF8PGtwN3C6I98bBR0=,ms+ZXBw7qpbPTkI2P/dFNGlvaik=
23,18,viuROodfH5Xt3/emaWe+KsnP4ew=,vErP1jzRhlEYFnSD8digE2S1YDs=
24,17,viuROodfH5Xt3/emaWe+KsnP4ew=,ZTzL6yCCPLRcG207zDx4eSZggbQ=
24,18,viuROodfH5Xt3/emaWe+KsnP4ew=,Me+62Ka7xJGd7/Ub1j/9zn5FINA=
23,17,viuROodfH5Xt3/emaWe+KsnP4ew=,9wN+5FxZrzE4b7JTagODTtDXD+A=
22,20,viuROodfH5Xt3/emaWe+KsnP4ew=,3ruc6UQ7Mqgkgab3zyQu6x5plQk=
21,19,viuROodfH5Xt3/emaWe+KsnP4ew=,lejXDquFsL9ADMZXOcvp9YWLNMk=
22,19,viuROodfH5Xt3/emaWe+KsnP4ew=,vErP1jzRhlEYFnSD8digE2S1YDs=
21,20,viuROodfH5Xt3/emaWe+KsnP4ew=,323i7Zw7BIeRMUlRXdch4w1Jh/E=
21,17,viuROodfH5Xt3/emaWe+KsnP4ew=,lvyvJ2OW0FKpaNmuAAfTi8V8xqg=
21,18,viuROodfH5Xt3/emaWe+KsnP4ew=,lejXDquFsL9ADMZXOcvp9YWLNMk=
22,18,viuROodfH5Xt3/emaWe+KsnP4ew=,vErP1jzRhlEYFnSD8digE2S1YDs=
22,17,viuROodfH5Xt3/emaWe+KsnP4ew=,9wN+5FxZrzE4b7JTagODTtDXD+A=
22,22,IwfrIsJR3eIU1wZ0pJZyOatWYDs=,DC/bcckUp1LQP4hMzQQ1XXibmSs=
21,22,IwfrIsJR3eIU1wZ0pJZyOatWYDs=,sRJXR9uSCGbjWj+ZhpehtMvrZMM=
23,22,IwfrIsJR3eIU1wZ0pJZyOatWYDs=,DC/bcckUp1LQP4hMzQQ1XXibmSs=
24,21,IwfrIsJR3eIU1wZ0pJZyOatWYDs=,ms+ZXBw7qpbPTkI2P/dFNGlvaik=
24,22,IwfrIsJR3eIU1wZ0pJZyOatWYDs=,2GSviazJilhflSC85gYfPbtBUyE=
22,21,IwfrIsJR3eIU1wZ0pJZyOatWYDs=,3ruc6UQ7Mqgkgab3zyQu6x5plQk=
21,21,IwfrIsJR3eIU1wZ0pJZyOatWYDs=,323i7Zw7BIeRMUlRXdch4w1Jh/E=
23,21,IwfrIsJR3eIU1wZ0pJZyOatWYDs=,3ruc6UQ7Mqgkgab3zyQu6x5plQk=
20,23,Lk63/S1SYW+RlbESBIjSyD2CGIs=,sRJXR9uSCGbjWj+ZhpehtMvrZMM=
19,23,Lk63/S1SYW+RlbESBIjSyD2CGIs=,CnzknSRGWwXCL5LDCFoKhAYON4w=
19,24,Lk63/S1SYW+RlbESBIjSyD2CGIs=,iX2zq8bkD4FnCAYafh9KBUV8kV8=
20,24,Lk63/S1SYW+RlbESBIjSyD2CGIs=,PXtrQ/1ogB1hQpMLHCy8Pv73lJY=
17,24,Lk63/S1SYW+RlbESBIjSyD2CGIs=,znen8+1Sd9xOe15eTi5Q0cjbqls=
18,24,Lk63/S1SYW+RlbESBIjSyD2CGIs=,iX2zq8bkD4FnCAYafh9KBUV8kV8=
17,23,Lk63/S1SYW+RlbESBIjSyD2CGIs=,Piv4FwJhPDbJBFGrVhUrtIsnq9Y=
18,23,Lk63/S1SYW+RlbESBIjSyD2CGIs=,CnzknSRGWwXCL5LDCFoKhAYON4w=
20,25,Lk63/S1SYW+RlbESBIjSyD2CGIs=,PXtrQ/1ogB1hQpMLHCy8Pv73lJY=
19,25,Lk63/S1SYW+RlbESBIjSyD2CGIs=,iX2zq8bkD4FnCAYafh9KBUV8kV8=
19,26,Lk63/S1SYW+RlbESBIjSyD2CGIs=,bkyQEl/BkqXlDkmAaNfA/QjHpyk=
20,26,Lk63/S1SYW+RlbESBIjSyD2CGIs=,HXS6KGwhdragLn83JbFGb10SHrU=
17,25,Lk63/S1SYW+RlbESBIjSyD2CGIs=,znen8+1Sd9xOe15eTi5Q0cjbqls=
18,26,Lk63/S1SYW+RlbESBIjSyD2CGIs=,bkyQEl/BkqXlDkmAaNfA/QjHpyk=
18,25,Lk63/S1SYW+RlbESBIjSyD2CGIs=,iX2zq8bkD4FnCAYafh9KBUV8kV8=
17,26,Lk63/S1SYW+RlbESBIjSyD2CGIs=,pcQ60T+zUPewzngki57b+uMGG+w=
20,28,Lk63/S1SYW+RlbESBIjSyD2CGIs=,0UOlMnDKvrAPU2cfqzAhiNIkLfk=
19,27,Lk63/S1SYW+RlbESBIjSyD2CGIs=,bkyQEl/BkqXlDkmAaNfA/QjHpyk=
19,28,Lk63/S1SYW+RlbESBIjSyD2CGIs=,NQKHRX1ZuW/kZM64d3gmhOcFlDI=
20,27,Lk63/S1SYW+RlbESBIjSyD2CGIs=,HXS6KGwhdragLn83JbFGb10SHrU=
22,23,nY9SkKknlIhwPdAsBcMa8Dkh4P8=,DC/bcckUp1LQP4hMzQQ1XXibmSs=
21,24,nY9SkKknlIhwPdAsBcMa8Dkh4P8=,PXtrQ/1ogB1hQpMLHCy8Pv73lJY=
21,25,nY9SkKknlIhwPdAsBcMa8Dkh4P8=,PXtrQ/1ogB1hQpMLHCy8Pv73lJY=
22,25,nY9SkKknlIhwPdAsBcMa8Dkh4P8=,3AS3PnmiZqLdKs3zxn4pltMY080=
21,26,nY9SkKknlIhwPdAsBcMa8Dkh4P8=,HXS6KGwhdragLn83JbFGb10SHrU=
22,24,nY9SkKknlIhwPdAsBcMa8Dkh4P8=,3AS3PnmiZqLdKs3zxn4pltMY080=
22,26,nY9SkKknlIhwPdAsBcMa8Dkh4P8=,ttZ5tXweFAcmwF7jm97RqJY+XE0=
21,23,nY9SkKknlIhwPdAsBcMa8Dkh4P8=,sRJXR9uSCGbjWj+ZhpehtMvrZMM=
23,23,nY9SkKknlIhwPdAsBcMa8Dkh4P8=,DC/bcckUp1LQP4hMzQQ1XXibmSs=
23,25,yc/MiPsH2qwWCqb/knTLKL/p8QA=,3AS3PnmiZqLdKs3zxn4pltMY080=
24,24,yc/MiPsH2qwWCqb/knTLKL/p8QA=,ytPGgSWtYIO1nNV3G6k5L7OYkis=
23,24,yc/MiPsH2qwWCqb/knTLKL/p8QA=,3AS3PnmiZqLdKs3zxn4pltMY080=
24,25,yc/MiPsH2qwWCqb/knTLKL/p8QA=,ytPGgSWtYIO1nNV3G6k5L7OYkis=
24,23,yc/MiPsH2qwWCqb/knTLKL/p8QA=,2GSviazJilhflSC85gYfPbtBUyE=
23,26,yc/MiPsH2qwWCqb/knTLKL/p8QA=,ttZ5tXweFAcmwF7jm97RqJY+XE0=
24,26,yc/MiPsH2qwWCqb/knTLKL/p8QA=,6vJ60uUXx8tMyKV8xiYsCB6WPkg=
26,23,XS8qVRVRfPJBgS3/uIPYYxeKYkQ=,0+6WfS4qtUIh/gSVRO6vDPQZ4vU=
25,24,XS8qVRVRfPJBgS3/uIPYYxeKYkQ=,ytPGgSWtYIO1nNV3G6k5L7OYkis=
25,25,XS8qVRVRfPJBgS3/uIPYYxeKYkQ=,ytPGgSWtYIO1nNV3G6k5L7OYkis=
26,24,XS8qVRVRfPJBgS3/uIPYYxeKYkQ=,+/fC4L55rUSNV9sipw39CgRIt4w=
26,26,XS8qVRVRfPJBgS3/uIPYYxeKYkQ=,Y8wkHARTBl9LlUSqzaqa4E+TTh0=
25,26,XS8qVRVRfPJBgS3/uIPYYxeKYkQ=,6vJ60uUXx8tMyKV8xiYsCB6WPkg=
25,23,XS8qVRVRfPJBgS3/uIPYYxeKYkQ=,2GSviazJilhflSC85gYfPbtBUyE=
26,25,XS8qVRVRfPJBgS3/uIPYYxeKYkQ=,+/fC4L55rUSNV9sipw39CgRIt4w=
28,23,XS8qVRVRfPJBgS3/uIPYYxeKYkQ=,7gGdDxVpoeUxPgCOllmMgUQ07c0=
28,26,XS8qVRVRfPJBgS3/uIPYYxeKYkQ=,6vJ60uUXx8tMyKV8xiYsCB6WPkg=
27,25,XS8qVRVRfPJBgS3/uIPYYxeKYkQ=,+/fC4L55rUSNV9sipw39CgRIt4w=
27,26,XS8qVRVRfPJBgS3/uIPYYxeKYkQ=,Y8wkHARTBl9LlUSqzaqa4E+TTh0=
27,24,XS8qVRVRfPJBgS3/uIPYYxeKYkQ=,+/fC4L55rUSNV9sipw39CgRIt4w=
28,25,XS8qVRVRfPJBgS3/uIPYYxeKYkQ=,PA3P6WTozS5liZUQpzQRtcKEQB8=
28,24,XS8qVRVRfPJBgS3/uIPYYxeKYkQ=,PA3P6WTozS5liZUQpzQRtcKEQB8=
27,23,XS8qVRVRfPJBgS3/uIPYYxeKYkQ=,0+6WfS4qtUIh/gSVRO6vDPQZ4vU=
30,24,XS8qVRVRfPJBgS3/uIPYYxeKYkQ=,HAVyvTs7SkYiVCEfC1uGh9dVu7o=
31,23,XS8qVRVRfPJBgS3/uIPYYxeKYkQ=,jQ1mU/hHPwY8t7lSQawcsJsfc+0=
29,23,XS8qVRVRfPJBgS3/uIPYYxeKYkQ=,7gGdDxVpoeUxPgCOllmMgUQ07c0=
31,24,XS8qVRVRfPJBgS3/uIPYYxeKYkQ=,HAVyvTs7SkYiVCEfC1uGh9dVu7o=
30,23,XS8qVRVRfPJBgS3/uIPYYxeKYkQ=,jQ1mU/hHPwY8t7lSQawcsJsfc+0=
29,24,XS8qVRVRfPJBgS3/uIPYYxeKYkQ=,PA3P6WTozS5liZUQpzQRtcKEQB8=
28,27,XS8qVRVRfPJBgS3/uIPYYxeKYkQ=,6vJ60uUXx8tMyKV8xiYsCB6WPkg=
28,28,XS8qVRVRfPJBgS3/uIPYYxeKYkQ=,ZyZ2pLUz1k+6fjnNyoX0aFV7lvU=
27,28,XS8qVRVRfPJBgS3/uIPYYxeKYkQ=,aD56K2Et32aI14GOUFh4ykcz6BY=
27,27,XS8qVRVRfPJBgS3/uIPYYxeKYkQ=,Y8wkHARTBl9LlUSqzaqa4E+TTh0=
30,26,XS8qVRVRfPJBgS3/uIPYYxeKYkQ=,PkKw4N9TTicWo6hRybRCqkVZExo=
31,26,XS8qVRVRfPJBgS3/uIPYYxeKYkQ=,PkKw4N9TTicWo6hRybRCqkVZExo=
29,26,XS8qVRVRfPJBgS3/uIPYYxeKYkQ=,6vJ60uUXx8tMyKV8xiYsCB6WPkg=
29,27,XS8qVRVRfPJBgS3/uIPYYxeKYkQ=,6vJ60uUXx8tMyKV8xiYsCB6WPkg=
31,25,XS8qVRVRfPJBgS3/uIPYYxeKYkQ=,HAVyvTs7SkYiVCEfC1uGh9dVu7o=
30,27,XS8qVRVRfPJBgS3/uIPYYxeKYkQ=,PkKw4N9TTicWo6hRybRCqkVZExo=
29,28,XS8qVRVRfPJBgS3/uIPYYxeKYkQ=,ZyZ2pLUz1k+6fjnNyoX0aFV7lvU=
30,25,XS8qVRVRfPJBgS3/uIPYYxeKYkQ=,HAVyvTs7SkYiVCEfC1uGh9dVu7o=
30,28,XS8qVRVRfPJBgS3/uIPYYxeKYkQ=,jtz6+2YxYOx6xNAv7CxbSESnhAk=
31,28,XS8qVRVRfPJBgS3/uIPYYxeKYkQ=,jtz6+2YxYOx6xNAv7CxbSESnhAk=
25,27,XS8qVRVRfPJBgS3/uIPYYxeKYkQ=,6vJ60uUXx8tMyKV8xiYsCB6WPkg=
25,28,XS8qVRVRfPJBgS3/uIPYYxeKYkQ=,aD56K2Et32aI14GOUFh4ykcz6BY=
29,25,XS8qVRVRfPJBgS3/uIPYYxeKYkQ=,PA3P6WTozS5liZUQpzQRtcKEQB8=
31,27,XS8qVRVRfPJBgS3/uIPYYxeKYkQ=,PkKw4N9TTicWo6hRybRCqkVZExo=
26,28,XS8qVRVRfPJBgS3/uIPYYxeKYkQ=,aD56K2Et32aI14GOUFh4ykcz6BY=
26,27,XS8qVRVRfPJBgS3/uIPYYxeKYkQ=,Y8wkHARTBl9LlUSqzaqa4E+TTh0=
24,28,XS8qVRVRfPJBgS3/uIPYYxeKYkQ=,aD56K2Et32aI14GOUFh4ykcz6BY=
22,28,XS8qVRVRfPJBgS3/uIPYYxeKYkQ=,i+Z9sMeDv87aYoMRDdg0PbV5Egg=
16,25,XS8qVRVRfPJBgS3/uIPYYxeKYkQ=,znen8+1Sd9xOe15eTi5Q0cjbqls=
23,28,XS8qVRVRfPJBgS3/uIPYYxeKYkQ=,i+Z9sMeDv87aYoMRDdg0PbV5Egg=
16,26,XS8qVRVRfPJBgS3/uIPYYxeKYkQ=,pcQ60T+zUPewzngki57b+uMGG+w=
22,27,XS8qVRVRfPJBgS3/uIPYYxeKYkQ=,ttZ5tXweFAcmwF7jm97RqJY+XE0=
23,27,XS8qVRVRfPJBgS3/uIPYYxeKYkQ=,ttZ5tXweFAcmwF7jm97RqJY+XE0=
21,27,XS8qVRVRfPJBgS3/uIPYYxeKYkQ=,HXS6KGwhdragLn83JbFGb10SHrU=
16,23,XS8qVRVRfPJBgS3/uIPYYxeKYkQ=,Piv4FwJhPDbJBFGrVhUrtIsnq9Y=
21,28,XS8qVRVRfPJBgS3/uIPYYxeKYkQ=,0UOlMnDKvrAPU2cfqzAhiNIkLfk=
24,27,XS8qVRVRfPJBgS3/uIPYYxeKYkQ=,6vJ60uUXx8tMyKV8xiYsCB6WPkg=
18,28,XS8qVRVRfPJBgS3/uIPYYxeKYkQ=,NQKHRX1ZuW/kZM64d3gmhOcFlDI=
16,24,XS8qVRVRfPJBgS3/uIPYYxeKYkQ=,znen8+1Sd9xOe15eTi5Q0cjbqls=
17,27,XS8qVRVRfPJBgS3/uIPYYxeKYkQ=,pcQ60T+zUPewzngki57b+uMGG+w=
17,28,XS8qVRVRfPJBgS3/uIPYYxeKYkQ=,BMshEptLfMjoOhl/Z00qpWWmjs8=
18,27,XS8qVRVRfPJBgS3/uIPYYxeKYkQ=,bkyQEl/BkqXlDkmAaNfA/QjHpyk=
20,20,Sgtofou/IWxti5EGu/Xan3HA8n8=,323i7Zw7BIeRMUlRXdch4w1Jh/E=
20,19,Sgtofou/IWxti5EGu/Xan3HA8n8=,lejXDquFsL9ADMZXOcvp9YWLNMk=
17,20,Sgtofou/IWxti5EGu/Xan3HA8n8=,g8m+PCOAlq5apMAaC7GGKi6plCo=
20,21,Sgtofou/IWxti5EGu/Xan3HA8n8=,323i7Zw7BIeRMUlRXdch4w1Jh/E=
17,19,Sgtofou/IWxti5EGu/Xan3HA8n8=,3q/Wtx/I5lSBBW13NMVSc7Es5mk=
17,22,Sgtofou/IWxti5EGu/Xan3HA8n8=,Piv4FwJhPDbJBFGrVhUrtIsnq9Y=
17,21,Sgtofou/IWxti5EGu/Xan3HA8n8=,g8m+PCOAlq5apMAaC7GGKi6plCo=
19,19,Sgtofou/IWxti5EGu/Xan3HA8n8=,/0REqIECYd9QngVJiGiYAkCNxgE=
19,20,Sgtofou/IWxti5EGu/Xan3HA8n8=,/sgNLLnwslD5jkXellUIgjea6Hc=
19,22,Sgtofou/IWxti5EGu/Xan3HA8n8=,CnzknSRGWwXCL5LDCFoKhAYON4w=
20,22,Sgtofou/IWxti5EGu/Xan3HA8n8=,sRJXR9uSCGbjWj+ZhpehtMvrZMM=
19,21,Sgtofou/IWxti5EGu/Xan3HA8n8=,/sgNLLnwslD5jkXellUIgjea6Hc=
18,21,Sgtofou/IWxti5EGu/Xan3HA8n8=,/sgNLLnwslD5jkXellUIgjea6Hc=
18,19,Sgtofou/IWxti5EGu/Xan3HA8n8=,/0REqIECYd9QngVJiGiYAkCNxgE=
18,22,Sgtofou/IWxti5EGu/Xan3HA8n8=,CnzknSRGWwXCL5LDCFoKhAYON4w=
18,20,Sgtofou/IWxti5EGu/Xan3HA8n8=,/sgNLLnwslD5jkXellUIgjea6Hc=
21,16,Sgtofou/IWxti5EGu/Xan3HA8n8=,lvyvJ2OW0FKpaNmuAAfTi8V8xqg=
23,16,Sgtofou/IWxti5EGu/Xan3HA8n8=,9wN+5FxZrzE4b7JTagODTtDXD+A=
24,16,Sgtofou/IWxti5EGu/Xan3HA8n8=,ZTzL6yCCPLRcG207zDx4eSZggbQ=
26,16,Sgtofou/IWxti5EGu/Xan3HA8n8=,0V/EOQA53pMBcAdbQlEPgkeA49g=
25,16,Sgtofou/IWxti5EGu/Xan3HA8n8=,ZTzL6yCCPLRcG207zDx4eSZggbQ=
28,16,Sgtofou/IWxti5EGu/Xan3HA8n8=,3qTgI2kOyREehQ4hOX6QCjaP2bY=
22,16,Sgtofou/IWxti5EGu/Xan3HA8n8=,9wN+5FxZrzE4b7JTagODTtDXD+A=
27,16,Sgtofou/IWxti5EGu/Xan3HA8n8=,0V/EOQA53pMBcAdbQlEPgkeA49g=
30,16,Sgtofou/IWxti5EGu/Xan3HA8n8=,XcyFt7szs7a64nvkyJ7RR7alRlc=
31,16,Sgtofou/IWxti5EGu/Xan3HA8n8=,XcyFt7szs7a64nvkyJ7RR7alRlc=
29,16,Sgtofou/IWxti5EGu/Xan3HA8n8=,3qTgI2kOyREehQ4hOX6QCjaP2bY=
16,27,Sgtofou/IWxti5EGu/Xan3HA8n8=,pcQ60T+zUPewzngki57b+uMGG+w=
16,28,Sgtofou/IWxti5EGu/Xan3HA8n8=,BMshEptLfMjoOhl/Z00qpWWmjs8=
16,22,Sgtofou/IWxti5EGu/Xan3HA8n8=,Piv4FwJhPDbJBFGrVhUrtIsnq9Y=
16,21,Sgtofou/IWxti5EGu/Xan3HA8n8=,g8m+PCOAlq5apMAaC7GGKi6plCo=
16,20,Sgtofou/IWxti5EGu/Xan3HA8n8=,g8m+PCOAlq5apMAaC7GGKi6plCo=
16,19,Sgtofou/IWxti5EGu/Xan3HA8n8=,3q/Wtx/I5lSBBW13NMVSc7Es5mk=
19,18,Sgtofou/IWxti5EGu/Xan3HA8n8=,/0REqIECYd9QngVJiGiYAkCNxgE=
19,16,Sgtofou/IWxti5EGu/Xan3HA8n8=,dsEMh4y6OS+M/MbSdmEKdQdzQCA=
19,17,Sgtofou/IWxti5EGu/Xan3HA8n8=,dsEMh4y6OS+M/MbSdmEKdQdzQCA=
20,18,Sgtofou/IWxti5EGu/Xan3HA8n8=,lejXDquFsL9ADMZXOcvp9YWLNMk=
20,17,Sgtofou/IWxti5EGu/Xan3HA8n8=,lvyvJ2OW0FKpaNmuAAfTi8V8xqg=
18,18,Sgtofou/IWxti5EGu/Xan3HA8n8=,/0REqIECYd9QngVJiGiYAkCNxgE=
20,16,Sgtofou/IWxti5EGu/Xan3HA8n8=,lvyvJ2OW0FKpaNmuAAfTi8V8xqg=
17,18,Sgtofou/IWxti5EGu/Xan3HA8n8=,3q/Wtx/I5lSBBW13NMVSc7Es5mk=
18,16,Sgtofou/IWxti5EGu/Xan3HA8n8=,dsEMh4y6OS+M/MbSdmEKdQdzQCA=
18,17,Sgtofou/IWxti5EGu/Xan3HA8n8=,dsEMh4y6OS+M/MbSdmEKdQdzQCA=
16,18,Sgtofou/IWxti5EGu/Xan3HA8n8=,3q/Wtx/I5lSBBW13NMVSc7Es5mk=
16,16,Sgtofou/IWxti5EGu/Xan3HA8n8=,+XBCi48EQBxDWUKTgZoz5xd7v4o=
17,16,Sgtofou/IWxti5EGu/Xan3HA8n8=,+XBCi48EQBxDWUKTgZoz5xd7v4o=
16,17,Sgtofou/IWxti5EGu/Xan3HA8n8=,+XBCi48EQBxDWUKTgZoz5xd7v4o=
17,17,Sgtofou/IWxti5EGu/Xan3HA8n8=,+XBCi48EQBxDWUKTgZoz5xd7v4o=
31,12,MJ2Byr+rBgvWJhHgc3juUdBHOzo=,L8UZqInEsJ/nHKbxGKhl99nRYJs=
31,11,MJ2Byr+rBgvWJhHgc3juUdBHOzo=,g9A3baAO6VdAS8iI0I/W/lH5HTc=
29,12,6Sayckuzb48xmJyWioQAj6v8RMs=,d56bqoQQEOgCmtCnimi+TSGjQXc=
30,12,6Sayckuzb48xmJyWioQAj6v8RMs=,L8UZqInEsJ/nHKbxGKhl99nRYJs=
30,11,6Sayckuzb48xmJyWioQAj6v8RMs=,g9A3baAO6VdAS8iI0I/W/lH5HTc=
29,11,6Sayckuzb48xmJyWioQAj6v8RMs=,12jn4BI3/5TYS9q5SGeHLENcono=
29,9,6Sayckuzb48xmJyWioQAj6v8RMs=,qu1o6GyG7DqTWFWVsgWpAfxTTOA=
29,10,6Sayckuzb48xmJyWioQAj6v8RMs=,12jn4BI3/5TYS9q5SGeHLENcono=
30,10,6Sayckuzb48xmJyWioQAj6v8RMs=,g9A3baAO6VdAS8iI0I/W/lH5HTc=
31,10,6Sayckuzb48xmJyWioQAj6v8RMs=,g9A3baAO6VdAS8iI0I/W/lH5HTc=
31,8,6Sayckuzb48xmJyWioQAj6v8RMs=,YqMULBU7E1WSpV7F97gb3m+3XV4=
30,8,6Sayckuzb48xmJyWioQAj6v8RMs=,YqMULBU7E1WSpV7F97gb3m+3XV4=
30,9,6Sayckuzb48xmJyWioQAj6v8RMs=,YqMULBU7E1WSpV7F97gb3m+3XV4=
31,9,6Sayckuzb48xmJyWioQAj6v8RMs=,YqMULBU7E1WSpV7F97gb3m+3XV4=
31,7,6Sayckuzb48xmJyWioQAj6v8RMs=,3lRx1fBHJrraKnKaMtOwJ+/o52c=
29,7,6Sayckuzb48xmJyWioQAj6v8RMs=,IjlGsoGSTODiuc30mLv0BgvvMJM=
30,7,6Sayckuzb48xmJyWioQAj6v8RMs=,3lRx1fBHJrraKnKaMtOwJ+/o52c=
29,8,EUiZfdc90n1Bzx6Idvlh174fasY=,qu1o6GyG7DqTWFWVsgWpAfxTTOA=
31,6,EUiZfdc90n1Bzx6Idvlh174fasY=,3lRx1fBHJrraKnKaMtOwJ+/o52c=
31,4,EUiZfdc90n1Bzx6Idvlh174fasY=,uyRCNePTsm56tMVCQcx8QuBRKD8=
31,5,EUiZfdc90n1Bzx6Idvlh174fasY=,uyRCNePTsm56tMVCQcx8QuBRKD8=
31,3,EUiZfdc90n1Bzx6Idvlh174fasY=,/VjETc3Kyt/46OAwgPp33rpXFtE=
29,6,EUiZfdc90n1Bzx6Idvlh174fasY=,IjlGsoGSTODiuc30mLv0BgvvMJM=
30,5,EUiZfdc90n1Bzx6Idvlh174fasY=,uyRCNePTsm56tMVCQcx8QuBRKD8=
30,6,EUiZfdc90n1Bzx6Idvlh174fasY=,3lRx1fBHJrraKnKaMtOwJ+/o52c=
29,4,EUiZfdc90n1Bzx6Idvlh174fasY=,zHFKB0tupafo+B7w91928f922oc=
29,5,EUiZfdc90n1Bzx6Idvlh174fasY=,zHFKB0tupafo+B7w91928f922oc=
29,3,EUiZfdc90n1Bzx6Idvlh174fasY=,oIDYgbTMwAL575jM4qSXIK06AAk=
30,3,hgOGdtoJKIRULHyze6DlEMJDXyo=,/VjETc3Kyt/46OAwgPp33rpXFtE=
30,4,hgOGdtoJKIRULHyze6DlEMJDXyo=,uyRCNePTsm56tMVCQcx8QuBRKD8=
27,3,wY3CCyqCyde20w6+TVXwqZ8eXm0=,i2v112rc2RadH5ehSZQv/Q5v834=
28,4,wY3CCyqCyde20w6+TVXwqZ8eXm0=,zHFKB0tupafo+B7w91928f922oc=
28,3,wY3CCyqCyde20w6+TVXwqZ8eXm0=,oIDYgbTMwAL575jM4qSXIK06AAk=
27,4,wY3CCyqCyde20w6+TVXwqZ8eXm0=,pissoSebBsOIbtFJ6aQX9i9ORR0=
25,3,XOrcajM/iUYkVrkFxYm/qa3ekSg=,hEOEx/ZwNeMpKOdXbCImu6YNOsU=
25,4,XOrcajM/iUYkVrkFxYm/qa3ekSg=,ceoCjVVGhUNSaMTkYJ7ml2fXlx0=
26,1,XOrcajM/iUYkVrkFxYm/qa3ekSg=,1HRQXXReJ2/Q35pNhPWuGP6yIxs=
26,3,XOrcajM/iUYkVrkFxYm/qa3ekSg=,i2v112rc2RadH5ehSZQv/Q5v834=
25,1,XOrcajM/iUYkVrkFxYm/qa3ekSg=,IkxfOxx9vqw1xg6f5Uixr73ZfWI=
26,4,XOrcajM/iUYkVrkFxYm/qa3ekSg=,pissoSebBsOIbtFJ6aQX9i9ORR0=
26,2,XOrcajM/iUYkVrkFxYm/qa3ekSg=,i2v112rc2RadH5ehSZQv/Q5v834=
25,2,XOrcajM/iUYkVrkFxYm/qa3ekSg=,hEOEx/ZwNeMpKOdXbCImu6YNOsU=
24,5,qruvn6qbEEtCTBftYVKyI4a/T8w=,ceoCjVVGhUNSaMTkYJ7ml2fXlx0=
24,6,qruvn6qbEEtCTBftYVKyI4a/T8w=,gKraF9anb1RNPFHZZmnLB5z0VWU=
23,5,qruvn6qbEEtCTBftYVKyI4a/T8w=,sJFuYlNA+lYtEnXFxBT5qiTO0uM=
23,6,qruvn6qbEEtCTBftYVKyI4a/T8w=,wT28jlZv3iaYpW6nqRHVWMzdw4k=
24,7,qruvn6qbEEtCTBftYVKyI4a/T8w=,gKraF9anb1RNPFHZZmnLB5z0VWU=
23,7,qruvn6qbEEtCTBftYVKyI4a/T8w=,wT28jlZv3iaYpW6nqRHVWMzdw4k=
24,8,qruvn6qbEEtCTBftYVKyI4a/T8w=,kAJ1Mz8TtbhWulL5lFhK8YYpv+8=
23,8,qruvn6qbEEtCTBftYVKyI4a/T8w=,E9JQl453MmwEm1LyxLY2CVpGuMM=
24,10,XaWbqr3Vdr7fXEYL/SPpHALm8xM=,1L5TETiwokvtsDPFVRoa4jvHAPI=
23,9,XaWbqr3Vdr7fXEYL/SPpHALm8xM=,E9JQl453MmwEm1LyxLY2CVpGuMM=
23,10,XaWbqr3Vdr7fXEYL/SPpHALm8xM=,kYv6WndEe8sbjkjtErGy8R8/XWI=
24,9,XaWbqr3Vdr7fXEYL/SPpHALm8xM=,kAJ1Mz8TtbhWulL5lFhK8YYpv+8=
24,12,XaWbqr3Vdr7fXEYL/SPpHALm8xM=,mMYa0YzfrtYC8eUg95uYNdckPQw=
24,11,XaWbqr3Vdr7fXEYL/SPpHALm8xM=,1L5TETiwokvtsDPFVRoa4jvHAPI=
23,11,XaWbqr3Vdr7fXEYL/SPpHALm8xM=,kYv6WndEe8sbjkjtErGy8R8/XWI=
23,12,XaWbqr3Vdr7fXEYL/SPpHALm8xM=,KCr4k2s/j4J11xrK1HVAiClAjQY=
21,14,f3rTJnHMbQrfueOzK5ISZ6nqWc0=,kUpSeCNHfCNrkD4pAjC/01v80tc=
22,12,f3rTJnHMbQrfueOzK5ISZ6nqWc0=,KCr4k2s/j4J11xrK1HVAiClAjQY=
21,12,f3rTJnHMbQrfueOzK5ISZ6nqWc0=,KCr4k2s/j4J11xrK1HVAiClAjQY=
22,11,f3rTJnHMbQrfueOzK5ISZ6nqWc0=,kYv6WndEe8sbjkjtErGy8R8/XWI=
21,11,f3rTJnHMbQrfueOzK5ISZ6nqWc0=,vKfOtR7xrCq4hWNK304cTct78qs=
24,13,f3rTJnHMbQrfueOzK5ISZ6nqWc0=,mMYa0YzfrtYC8eUg95uYNdckPQw=
24,14,f3rTJnHMbQrfueOzK5ISZ6nqWc0=,XOT40U8UUi1UC3ly/WYe4yVosvs=
23,13,f3rTJnHMbQrfueOzK5ISZ6nqWc0=,KCr4k2s/j4J11xrK1HVAiClAjQY=
23,14,f3rTJnHMbQrfueOzK5ISZ6nqWc0=,0fBJ+rNKWN8vHgoqrh80ebG2hYg=
22,13,f3rTJnHMbQrfueOzK5ISZ6nqWc0=,KCr4k2s/j4J11xrK1HVAiClAjQY=
22,14,f3rTJnHMbQrfueOzK5ISZ6nqWc0=,0fBJ+rNKWN8vHgoqrh80ebG2hYg=
21,13,f3rTJnHMbQrfueOzK5ISZ6nqWc0=,KCr4k2s/j4J11xrK1HVAiClAjQY=
21,9,27meA91P0lMY40sAMT0YM5WI2mc=,ICdfftwNthBc32byfYh8UmDgnEI=
21,10,27meA91P0lMY40sAMT0YM5WI2mc=,vKfOtR7xrCq4hWNK304cTct78qs=
22,9,27meA91P0lMY40sAMT0YM5WI2mc=,E9JQl453MmwEm1LyxLY2CVpGuMM=
22,10,27meA91P0lMY40sAMT0YM5WI2mc=,kYv6WndEe8sbjkjtErGy8R8/XWI=
20,9,27meA91P0lMY40sAMT0YM5WI2mc=,ICdfftwNthBc32byfYh8UmDgnEI=
20,10,27meA91P0lMY40sAMT0YM5WI2mc=,vKfOtR7xrCq4hWNK304cTct78qs=
19,10,27meA91P0lMY40sAMT0YM5WI2mc=,3Bp+9sR5gn0UogqpOxP4+Fv8KoE=
19,9,27meA91P0lMY40sAMT0YM5WI2mc=,CZd9zYyJjfelhir4pKG5N/5M+l4=
22,7,WdvEo4GHJZaB6H4M7bzWu+lM8IM=,wT28jlZv3iaYpW6nqRHVWMzdw4k=
20,8,WdvEo4GHJZaB6H4M7bzWu+lM8IM=,ICdfftwNthBc32byfYh8UmDgnEI=
22,8,WdvEo4GHJZaB6H4M7bzWu+lM8IM=,E9JQl453MmwEm1LyxLY2CVpGuMM=
20,7,WdvEo4GHJZaB6H4M7bzWu+lM8IM=,k813en1HdTVhwIQd1zi2m1oizuA=
19,7,WdvEo4GHJZaB6H4M7bzWu+lM8IM=,x7oCfzIRpb01/SBhNVIqdORX+X8=
21,8,WdvEo4GHJZaB6H4M7bzWu+lM8IM=,ICdfftwNthBc32byfYh8UmDgnEI=
19,8,WdvEo4GHJZaB6H4M7bzWu+lM8IM=,CZd9zYyJjfelhir4pKG5N/5M+l4=
21,7,WdvEo4GHJZaB6H4M7bzWu+lM8IM=,k813en1HdTVhwIQd1zi2m1oizuA=
20,6,WdvEo4GHJZaB6H4M7bzWu+lM8IM=,k813en1HdTVhwIQd1zi2m1oizuA=
21,6,WdvEo4GHJZaB6H4M7bzWu+lM8IM=,k813en1HdTVhwIQd1zi2m1oizuA=
19,6,WdvEo4GHJZaB6H4M7bzWu+lM8IM=,x7oCfzIRpb01/SBhNVIqdORX+X8=
22,5,WdvEo4GHJZaB6H4M7bzWu+lM8IM=,sJFuYlNA+lYtEnXFxBT5qiTO0uM=
22,6,WdvEo4GHJZaB6H4M7bzWu+lM8IM=,wT28jlZv3iaYpW6nqRHVWMzdw4k=
20,5,WdvEo4GHJZaB6H4M7bzWu+lM8IM=,t8jU0+JBdw3DTTRKGAqrS70CFMM=
21,5,WdvEo4GHJZaB6H4M7bzWu+lM8IM=,t8jU0+JBdw3DTTRKGAqrS70CFMM=
19,5,WdvEo4GHJZaB6H4M7bzWu+lM8IM=,SumBJJ6ZFCP5GjKScnZSqAZkPC4=
20,3,+eLPxphP7Zw6v1fbIhaUp7sMazw=,lXhtT75OZnPVgnId8a3Q7f9+2B4=
20,4,+eLPxphP7Zw6v1fbIhaUp7sMazw=,t8jU0+JBdw3DTTRKGAqrS70CFMM=
19,4,+eLPxphP7Zw6v1fbIhaUp7sMazw=,SumBJJ6ZFCP5GjKScnZSqAZkPC4=
19,3,KbHXI1oSY8g4RDPg4/U2KME8UWY=,oXyOI4OyQ9ScLyHkRnxDVGpWq9M=
24,3,KbHXI1oSY8g4RDPg4/U2KME8UWY=,hEOEx/ZwNeMpKOdXbCImu6YNOsU=
21,3,KbHXI1oSY8g4RDPg4/U2KME8UWY=,lXhtT75OZnPVgnId8a3Q7f9+2B4=
24,4,KbHXI1oSY8g4RDPg4/U2KME8UWY=,ceoCjVVGhUNSaMTkYJ7ml2fXlx0=
22,3,KbHXI1oSY8g4RDPg4/U2KME8UWY=,pzs/O/5zL6q6D7uWihYpZ53IvvM=
21,4,KbHXI1oSY8g4RDPg4/U2KME8UWY=,t8jU0+JBdw3DTTRKGAqrS70CFMM=
23,3,KbHXI1oSY8g4RDPg4/U2KME8UWY=,pzs/O/5zL6q6D7uWihYpZ53IvvM=
23,4,KbHXI1oSY8g4RDPg4/U2KME8UWY=,sJFuYlNA+lYtEnXFxBT5qiTO0uM=
22,4,KbHXI1oSY8g4RDPg4/U2KME8UWY=,sJFuYlNA+lYtEnXFxBT5qiTO0uM=
23,1,KbHXI1oSY8g4RDPg4/U2KME8UWY=,lXhtT75OZnPVgnId8a3Q7f9+2B4=
23,2,KbHXI1oSY8g4RDPg4/U2KME8UWY=,pzs/O/5zL6q6D7uWihYpZ53IvvM=
24,1,KbHXI1oSY8g4RDPg4/U2KME8UWY=,IkxfOxx9vqw1xg6f5Uixr73ZfWI=
24,2,KbHXI1oSY8g4RDPg4/U2KME8UWY=,hEOEx/ZwNeMpKOdXbCImu6YNOsU=
22,1,KbHXI1oSY8g4RDPg4/U2KME8UWY=,lXhtT75OZnPVgnId8a3Q7f9+2B4=
21,1,KbHXI1oSY8g4RDPg4/U2KME8UWY=,+yBjucmeM+ALD4/rUq3pILMEVrU=
21,2,KbHXI1oSY8g4RDPg4/U2KME8UWY=,lXhtT75OZnPVgnId8a3Q7f9+2B4=
22,2,KbHXI1oSY8g4RDPg4/U2KME8UWY=,pzs/O/5zL6q6D7uWihYpZ53IvvM=
20,0,KBXoR/ZL+5LXp7EJxBwW9EKkXY0=,+yBjucmeM+ALD4/rUq3pILMEVrU=
19,0,KBXoR/ZL+5LXp7EJxBwW9EKkXY0=,ogbMG2bl9gFTMmXu1QP7OJhxOgQ=
20,1,KBXoR/ZL+5LXp7EJxBwW9EKkXY0=,+yBjucmeM+ALD4/rUq3pILMEVrU=
20,2,KBXoR/ZL+5LXp7EJxBwW9EKkXY0=,lXhtT75OZnPVgnId8a3Q7f9+2B4=
19,2,KBXoR/ZL+5LXp7EJxBwW9EKkXY0=,oXyOI4OyQ9ScLyHkRnxDVGpWq9M=
19,1,KBXoR/ZL+5LXp7EJxBwW9EKkXY0=,ogbMG2bl9gFTMmXu1QP7OJhxOgQ=
18,0,KBXoR/ZL+5LXp7EJxBwW9EKkXY0=,ogbMG2bl9gFTMmXu1QP7OJhxOgQ=
17,0,KBXoR/ZL+5LXp7EJxBwW9EKkXY0=,Ii9SY3ML+SFU6yWjbs93K7/Bzt0=
16,1,KBXoR/ZL+5LXp7EJxBwW9EKkXY0=,Ii9SY3ML+SFU6yWjbs93K7/Bzt0=
17,3,KBXoR/ZL+5LXp7EJxBwW9EKkXY0=,1xFy/ZKCihS8BGGFsb2WQxyo4G4=
16,4,KBXoR/ZL+5LXp7EJxBwW9EKkXY0=,oTzDDAisa8vqODvTmJPa/OWQZ9U=
17,1,KBXoR/ZL+5LXp7EJxBwW9EKkXY0=,Ii9SY3ML+SFU6yWjbs93K7/Bzt0=
16,2,KBXoR/ZL+5LXp7EJxBwW9EKkXY0=,1xFy/ZKCihS8BGGFsb2WQxyo4G4=
18,3,KBXoR/ZL+5LXp7EJxBwW9EKkXY0=,oXyOI4OyQ9ScLyHkRnxDVGpWq9M=
18,2,KBXoR/ZL+5LXp7EJxBwW9EKkXY0=,oXyOI4OyQ9ScLyHkRnxDVGpWq9M=
18,4,KBXoR/ZL+5LXp7EJxBwW9EKkXY0=,SumBJJ6ZFCP5GjKScnZSqAZkPC4=
17,2,KBXoR/ZL+5LXp7EJxBwW9EKkXY0=,1xFy/ZKCihS8BGGFsb2WQxyo4G4=
18,1,KBXoR/ZL+5LXp7EJxBwW9EKkXY0=,ogbMG2bl9gFTMmXu1QP7OJhxOgQ=
17,4,KBXoR/ZL+5LXp7EJxBwW9EKkXY0=,oTzDDAisa8vqODvTmJPa/OWQZ9U=
16,3,KBXoR/ZL+5LXp7EJxBwW9EKkXY0=,1xFy/ZKCihS8BGGFsb2WQxyo4G4=
18,5,am/Juvc9kI1xVn6IvzsJub89Sy0=,SumBJJ6ZFCP5GjKScnZSqAZkPC4=
18,6,am/Juvc9kI1xVn6IvzsJub89Sy0=,x7oCfzIRpb01/SBhNVIqdORX+X8=
17,5,am/Juvc9kI1xVn6IvzsJub89Sy0=,oTzDDAisa8vqODvTmJPa/OWQZ9U=
17,6,am/Juvc9kI1xVn6IvzsJub89Sy0=,cNoU5zhkypYiYtnmKt3kwTJEU24=
18,8,am/Juvc9kI1xVn6IvzsJub89Sy0=,CZd9zYyJjfelhir4pKG5N/5M+l4=
18,7,am/Juvc9kI1xVn6IvzsJub89Sy0=,x7oCfzIRpb01/SBhNVIqdORX+X8=
17,9,am/Juvc9kI1xVn6IvzsJub89Sy0=,JpOjWr4vn6eowJws+5CNEalf+e8=
17,8,am/Juvc9kI1xVn6IvzsJub89Sy0=,JpOjWr4vn6eowJws+5CNEalf+e8=
17,7,am/Juvc9kI1xVn6IvzsJub89Sy0=,cNoU5zhkypYiYtnmKt3kwTJEU24=
18,10,am/Juvc9kI1xVn6IvzsJub89Sy0=,3Bp+9sR5gn0UogqpOxP4+Fv8KoE=
17,10,am/Juvc9kI1xVn6IvzsJub89Sy0=,Vg17CHJvuOB1+2fXsfI18vH7xr4=
18,9,am/Juvc9kI1xVn6IvzsJub89Sy0=,CZd9zYyJjfelhir4pKG5N/5M+l4=
22,15,am/Juvc9kI1xVn6IvzsJub89Sy0=,0fBJ+rNKWN8vHgoqrh80ebG2hYg=
21,15,am/Juvc9kI1xVn6IvzsJub89Sy0=,kUpSeCNHfCNrkD4pAjC/01v80tc=
24,15,am/Juvc9kI1xVn6IvzsJub89Sy0=,XOT40U8UUi1UC3ly/WYe4yVosvs=
23,15,am/Juvc9kI1xVn6IvzsJub89Sy0=,0fBJ+rNKWN8vHgoqrh80ebG2hYg=
17,11,DRiib8DDRoiJ1ExVgIwZftwC+X0=,Vg17CHJvuOB1+2fXsfI18vH7xr4=
19,11,DRiib8DDRoiJ1ExVgIwZftwC+X0=,3Bp+9sR5gn0UogqpOxP4+Fv8KoE=
19,12,DRiib8DDRoiJ1ExVgIwZftwC+X0=,NwKmskw7kVcUA6iT3z6MIy3Ty2I=
20,12,DRiib8DDRoiJ1ExVgIwZftwC+X0=,KCr4k2s/j4J11xrK1HVAiClAjQY=
17,12,DRiib8DDRoiJ1ExVgIwZftwC+X0=,/Qf7X1ySqJt3pOmJPx/WTYiIrM0=
18,11,DRiib8DDRoiJ1ExVgIwZftwC+X0=,3Bp+9sR5gn0UogqpOxP4+Fv8KoE=
20,11,DRiib8DDRoiJ1ExVgIwZftwC+X0=,vKfOtR7xrCq4hWNK304cTct78qs=
18,12,DRiib8DDRoiJ1ExVgIwZftwC+X0=,NwKmskw7kVcUA6iT3z6MIy3Ty2I=
16,14,DRiib8DDRoiJ1ExVgIwZftwC+X0=,GJNIC/mv9d7Yu38QXygNmvBgsxo=
16,13,DRiib8DDRoiJ1ExVgIwZftwC+X0=,/Qf7X1ySqJt3pOmJPx/WTYiIrM0=
20,14,DRiib8DDRoiJ1ExVgIwZftwC+X0=,kUpSeCNHfCNrkD4pAjC/01v80tc=
17,14,DRiib8DDRoiJ1ExVgIwZftwC+X0=,GJNIC/mv9d7Yu38QXygNmvBgsxo=
20,15,DRiib8DDRoiJ1ExVgIwZftwC+X0=,kUpSeCNHfCNrkD4pAjC/01v80tc=
17,13,DRiib8DDRoiJ1ExVgIwZftwC+X0=,/Qf7X1ySqJt3pOmJPx/WTYiIrM0=
20,13,DRiib8DDRoiJ1ExVgIwZftwC+X0=,KCr4k2s/j4J11xrK1HVAiClAjQY=
18,14,DRiib8DDRoiJ1ExVgIwZftwC+X0=,aZgSEwEYMQ2r+7vNE7vkT1veM6s=
17,15,DRiib8DDRoiJ1ExVgIwZftwC+X0=,GJNIC/mv9d7Yu38QXygNmvBgsxo=
19,13,DRiib8DDRoiJ1ExVgIwZftwC+X0=,NwKmskw7kVcUA6iT3z6MIy3Ty2I=
19,14,DRiib8DDRoiJ1ExVgIwZftwC+X0=,aZgSEwEYMQ2r+7vNE7vkT1veM6s=
18,13,DRiib8DDRoiJ1ExVgIwZftwC+X0=,NwKmskw7kVcUA6iT3z6MIy3Ty2I=
19,15,DRiib8DDRoiJ1ExVgIwZftwC+X0=,aZgSEwEYMQ2r+7vNE7vkT1veM6s=
18,15,DRiib8DDRoiJ1ExVgIwZftwC+X0=,aZgSEwEYMQ2r+7vNE7vkT1veM6s=
25,13,ZOaG1eSxbepH5h6r2io+DZguU2M=,mMYa0YzfrtYC8eUg95uYNdckPQw=
26,14,ZOaG1eSxbepH5h6r2io+DZguU2M=,LARlbEGDaI3gvoBj9wKRm9sknQk=
25,14,ZOaG1eSxbepH5h6r2io+DZguU2M=,XOT40U8UUi1UC3ly/WYe4yVosvs=
26,13,ZOaG1eSxbepH5h6r2io+DZguU2M=,eoBqcYfuEkKsBm27bY0ftA5IOyU=
28,12,ZOaG1eSxbepH5h6r2io+DZguU2M=,d56bqoQQEOgCmtCnimi+TSGjQXc=
26,11,ZOaG1eSxbepH5h6r2io+DZguU2M=,DYaikDllZENqF5jvvzkuIaVkLm0=
25,12,ZOaG1eSxbepH5h6r2io+DZguU2M=,mMYa0YzfrtYC8eUg95uYNdckPQw=
27,12,ZOaG1eSxbepH5h6r2io+DZguU2M=,eoBqcYfuEkKsBm27bY0ftA5IOyU=
28,11,ZOaG1eSxbepH5h6r2io+DZguU2M=,12jn4BI3/5TYS9q5SGeHLENcono=
26,12,ZOaG1eSxbepH5h6r2io+DZguU2M=,eoBqcYfuEkKsBm27bY0ftA5IOyU=
25,11,ZOaG1eSxbepH5h6r2io+DZguU2M=,1L5TETiwokvtsDPFVRoa4jvHAPI=
28,9,ZOaG1eSxbepH5h6r2io+DZguU2M=,qu1o6GyG7DqTWFWVsgWpAfxTTOA=
28,10,ZOaG1eSxbepH5h6r2io+DZguU2M=,12jn4BI3/5TYS9q5SGeHLENcono=
25,9,ZOaG1eSxbepH5h6r2io+DZguU2M=,kAJ1Mz8TtbhWulL5lFhK8YYpv+8=
27,11,ZOaG1eSxbepH5h6r2io+DZguU2M=,DYaikDllZENqF5jvvzkuIaVkLm0=
26,9,ZOaG1eSxbepH5h6r2io+DZguU2M=,hhGINIZO/DRyAQ9m9sSo6R3t7ho=
25,10,ZOaG1eSxbepH5h6r2io+DZguU2M=,1L5TETiwokvtsDPFVRoa4jvHAPI=
27,9,ZOaG1eSxbepH5h6r2io+DZguU2M=,hhGINIZO/DRyAQ9m9sSo6R3t7ho=
27,10,ZOaG1eSxbepH5h6r2io+DZguU2M=,DYaikDllZENqF5jvvzkuIaVkLm0=
26,10,ZOaG1eSxbepH5h6r2io+DZguU2M=,DYaikDllZENqF5jvvzkuIaVkLm0=
25,15,ZOaG1eSxbepH5h6r2io+DZguU2M=,XOT40U8UUi1UC3ly/WYe4yVosvs=
26,15,ZOaG1eSxbepH5h6r2io+DZguU2M=,LARlbEGDaI3gvoBj9wKRm9sknQk=
26,5,ZOaG1eSxbepH5h6r2io+DZguU2M=,pissoSebBsOIbtFJ6aQX9i9ORR0=
28,8,ZOaG1eSxbepH5h6r2io+DZguU2M=,qu1o6GyG7DqTWFWVsgWpAfxTTOA=
27,5,ZOaG1eSxbepH5h6r2io+DZguU2M=,pissoSebBsOIbtFJ6aQX9i9ORR0=
26,7,ZOaG1eSxbepH5h6r2io+DZguU2M=,M01Pe6YPh/iKxpHTWsat/ewQ9iI=
27,7,ZOaG1eSxbepH5h6r2io+DZguU2M=,M01Pe6YPh/iKxpHTWsat/ewQ9iI=
25,5,ZOaG1eSxbepH5h6r2io+DZguU2M=,ceoCjVVGhUNSaMTkYJ7ml2fXlx0=
26,8,ZOaG1eSxbepH5h6r2io+DZguU2M=,hhGINIZO/DRyAQ9m9sSo6R3t7ho=
25,7,ZOaG1eSxbepH5h6r2io+DZguU2M=,gKraF9anb1RNPFHZZmnLB5z0VWU=
27,8,ZOaG1eSxbepH5h6r2io+DZguU2M=,hhGINIZO/DRyAQ9m9sSo6R3t7ho=
27,6,ZOaG1eSxbepH5h6r2io+DZguU2M=,M01Pe6YPh/iKxpHTWsat/ewQ9iI=
26,6,ZOaG1eSxbepH5h6r2io+DZguU2M=,M01Pe6YPh/iKxpHTWsat/ewQ9iI=
28,6,ZOaG1eSxbepH5h6r2io+DZguU2M=,IjlGsoGSTODiuc30mLv0BgvvMJM=
25,6,ZOaG1eSxbepH5h6r2io+DZguU2M=,gKraF9anb1RNPFHZZmnLB5z0VWU=
28,7,ZOaG1eSxbepH5h6r2io+DZguU2M=,IjlGsoGSTODiuc30mLv0BgvvMJM=
28,5,ZOaG1eSxbepH5h6r2io+DZguU2M=,zHFKB0tupafo+B7w91928f922oc=
25,8,ZOaG1eSxbepH5h6r2io+DZguU2M=,kAJ1Mz8TtbhWulL5lFhK8YYpv+8=
31,14,ZOaG1eSxbepH5h6r2io+DZguU2M=,9O+srt/hmyO1qONwNi711VafWdg=
31,13,ZOaG1eSxbepH5h6r2io+DZguU2M=,L8UZqInEsJ/nHKbxGKhl99nRYJs=
31,15,ZOaG1eSxbepH5h6r2io+DZguU2M=,9O+srt/hmyO1qONwNi711VafWdg=
25,0,ZOaG1eSxbepH5h6r2io+DZguU2M=,IkxfOxx9vqw1xg6f5Uixr73ZfWI=
24,0,ZOaG1eSxbepH5h6r2io+DZguU2M=,IkxfOxx9vqw1xg6f5Uixr73ZfWI=
21,0,ZOaG1eSxbepH5h6r2io+DZguU2M=,+yBjucmeM+ALD4/rUq3pILMEVrU=
23,0,ZOaG1eSxbepH5h6r2io+DZguU2M=,lXhtT75OZnPVgnId8a3Q7f9+2B4=
22,0,ZOaG1eSxbepH5h6r2io+DZguU2M=,lXhtT75OZnPVgnId8a3Q7f9+2B4=
16,0,ZOaG1eSxbepH5h6r2io+DZguU2M=,Ii9SY3ML+SFU6yWjbs93K7/Bzt0=
26,0,ZOaG1eSxbepH5h6r2io+DZguU2M=,1HRQXXReJ2/Q35pNhPWuGP6yIxs=
16,15,ZOaG1eSxbepH5h6r2io+DZguU2M=,GJNIC/mv9d7Yu38QXygNmvBgsxo=
16,6,ZOaG1eSxbepH5h6r2io+DZguU2M=,cNoU5zhkypYiYtnmKt3kwTJEU24=
16,5,ZOaG1eSxbepH5h6r2io+DZguU2M=,oTzDDAisa8vqODvTmJPa/OWQZ9U=
16,8,ZOaG1eSxbepH5h6r2io+DZguU2M=,JpOjWr4vn6eowJws+5CNEalf+e8=
16,7,ZOaG1eSxbepH5h6r2io+DZguU2M=,cNoU5zhkypYiYtnmKt3kwTJEU24=
31,2,ZOaG1eSxbepH5h6r2io+DZguU2M=,/VjETc3Kyt/46OAwgPp33rpXFtE=
31,0,ZOaG1eSxbepH5h6r2io+DZguU2M=,3zno8MyG25RCrbR87a85yo0OO0I=
31,1,ZOaG1eSxbepH5h6r2io+DZguU2M=,3zno8MyG25RCrbR87a85yo0OO0I=
28,14,ZOaG1eSxbepH5h6r2io+DZguU2M=,gQkpeGxBtt19Y4CilLdC7tpYDYc=
16,10,ZOaG1eSxbepH5h6r2io+DZguU2M=,Vg17CHJvuOB1+2fXsfI18vH7xr4=
29,14,ZOaG1eSxbepH5h6r2io+DZguU2M=,gQkpeGxBtt19Y4CilLdC7tpYDYc=
16,11,ZOaG1eSxbepH5h6r2io+DZguU2M=,Vg17CHJvuOB1+2fXsfI18vH7xr4=
28,15,ZOaG1eSxbepH5h6r2io+DZguU2M=,gQkpeGxBtt19Y4CilLdC7tpYDYc=
16,12,ZOaG1eSxbepH5h6r2io+DZguU2M=,/Qf7X1ySqJt3pOmJPx/WTYiIrM0=
28,13,ZOaG1eSxbepH5h6r2io+DZguU2M=,d56bqoQQEOgCmtCnimi+TSGjQXc=
29,13,ZOaG1eSxbepH5h6r2io+DZguU2M=,d56bqoQQEOgCmtCnimi+TSGjQXc=
27,15,7/QaQvFz+a4KqupGtjrebJvx6uc=,LARlbEGDaI3gvoBj9wKRm9sknQk=
30,13,7/QaQvFz+a4KqupGtjrebJvx6uc=,L8UZqInEsJ/nHKbxGKhl99nRYJs=
29,15,7/QaQvFz+a4KqupGtjrebJvx6uc=,gQkpeGxBtt19Y4CilLdC7tpYDYc=
27,13,7/QaQvFz+a4KqupGtjrebJvx6uc=,eoBqcYfuEkKsBm27bY0ftA5IOyU=
30,15,7/QaQvFz+a4KqupGtjrebJvx6uc=,9O+srt/hmyO1qONwNi711VafWdg=
30,14,7/QaQvFz+a4KqupGtjrebJvx6uc=,9O+srt/hmyO1qONwNi711VafWdg=
16,9,7/QaQvFz+a4KqupGtjrebJvx6uc=,JpOjWr4vn6eowJws+5CNEalf+e8=
27,14,7/QaQvFz+a4KqupGtjrebJvx6uc=,LARlbEGDaI3gvoBj9wKRm9sknQk=
27,0,7/QaQvFz+a4KqupGtjrebJvx6uc=,1HRQXXReJ2/Q35pNhPWuGP6yIxs=
30,0,7/QaQvFz+a4KqupGtjrebJvx6uc=,3zno8MyG25RCrbR87a85yo0OO0I=
27,1,7/QaQvFz+a4KqupGtjrebJvx6uc=,1HRQXXReJ2/Q35pNhPWuGP6yIxs=
29,1,7/QaQvFz+a4KqupGtjrebJvx6uc=,8XMyMQNqEnNGUZ4GZ3sNSZRtPW4=
30,1,7/QaQvFz+a4KqupGtjrebJvx6uc=,3zno8MyG25RCrbR87a85yo0OO0I=
28,1,7/QaQvFz+a4KqupGtjrebJvx6uc=,8XMyMQNqEnNGUZ4GZ3sNSZRtPW4=
27,2,7/QaQvFz+a4KqupGtjrebJvx6uc=,i2v112rc2RadH5ehSZQv/Q5v834=
29,2,7/QaQvFz+a4KqupGtjrebJvx6uc=,oIDYgbTMwAL575jM4qSXIK06AAk=
30,2,7/QaQvFz+a4KqupGtjrebJvx6uc=,/VjETc3Kyt/46OAwgPp33rpXFtE=
29,0,7/QaQvFz+a4KqupGtjrebJvx6uc=,8XMyMQNqEnNGUZ4GZ3sNSZRtPW4=
28,0,7/QaQvFz+a4KqupGtjrebJvx6uc=,8XMyMQNqEnNGUZ4GZ3sNSZRtPW4=
28,2,7/QaQvFz+a4KqupGtjrebJvx6uc=,oIDYgbTMwAL575jM4qSXIK06AAk=
